,TICKER,DATE,PX_TO_BOOK_RATIO,PE_RATIO,EQY_WEIGHTED_AVG_PX,FNCL_LVRG,NET_DEBT_TO_SHRHLDR_EQTY
0,C US Equity,9/30/2003,1.6727,10.2084,306.411,12.8601,481.5031
1,C US Equity,10/31/2003,1.7551,10.7111,321.2651,,
2,C US Equity,11/28/2003,1.7414,10.6275,318.3881,,
3,C US Equity,11/30/2003,,,,,
4,C US Equity,12/31/2003,1.7456,9.5616,326.9554,12.9458,497.8574
5,C US Equity,1/30/2004,1.794,9.8266,336.0558,,
6,C US Equity,2/27/2004,1.8222,9.9815,341.544,,
7,C US Equity,2/29/2004,,,,,
8,C US Equity,3/31/2004,1.8076,9.8926,352.7182,13.0617,555.9636
9,C US Equity,4/30/2004,1.6953,9.2784,331.5194,,
10,C US Equity,5/28/2004,,,,,
11,C US Equity,5/31/2004,1.6368,8.9582,318.8632,,
12,C US Equity,6/30/2004,1.7024,8.4945,318.9528,13.7117,618.1363
13,C US Equity,7/30/2004,1.629,8.1279,305.5491,,
14,C US Equity,8/27/2004,,,,,
15,C US Equity,8/31/2004,1.721,8.5869,321.7225,,
16,C US Equity,9/30/2004,1.5523,8.0057,306.2415,14.2063,410.6718
17,C US Equity,10/29/2004,1.5755,8.125,310.0856,,
18,C US Equity,11/26/2004,,,,,
19,C US Equity,11/30/2004,1.589,8.1946,313.3667,,
20,C US Equity,12/31/2004,1.6186,8.6639,336.6847,13.881,582.2721
21,C US Equity,1/31/2005,1.6478,8.8204,343.3944,,
22,C US Equity,2/25/2005,,,,,
23,C US Equity,2/28/2005,1.6174,8.6579,337.9428,,
24,C US Equity,3/31/2005,1.5081,7.9492,317.5227,13.6687,574.6698
25,C US Equity,4/29/2005,1.5907,8.3849,330.7182,,
26,C US Equity,5/27/2005,,,,,
27,C US Equity,5/31/2005,1.5958,8.4117,336.168,,
28,C US Equity,6/30/2005,1.5216,8.5105,331.4575,13.7251,606.4996
29,C US Equity,7/29/2005,1.446,8.0881,313.9388,,
30,C US Equity,8/26/2005,,,,,
31,C US Equity,8/31/2005,1.455,8.1383,312.7775,,
32,C US Equity,9/30/2005,1.4967,8.4419,327.4737,13.5681,612.9921
33,C US Equity,10/31/2005,1.5053,8.4901,330.8503,,
34,C US Equity,11/25/2005,,,,,
35,C US Equity,11/30/2005,1.6119,9.0916,354.7532,,
36,C US Equity,12/30/2005,1.5762,9.0879,352.1301,,
37,C US Equity,12/31/2005,,,,13.3566,617.8332
38,C US Equity,1/31/2006,1.5129,8.7227,339.5089,,
39,C US Equity,2/24/2006,,,,,
40,C US Equity,2/28/2006,1.5221,8.7762,341.2853,,
41,C US Equity,3/31/2006,1.5202,8.8028,347.6833,13.7003,658.6219
42,C US Equity,4/28/2006,1.6244,9.4063,368.1878,,
43,C US Equity,5/26/2006,,,,,
44,C US Equity,5/31/2006,1.6033,9.2839,365.0066,,
45,C US Equity,6/30/2006,1.5467,8.7744,359.1959,14.1005,667.3199
46,C US Equity,7/31/2006,1.5487,8.7853,358.8735,,
47,C US Equity,8/25/2006,,,,,
48,C US Equity,8/31/2006,1.5981,9.0656,370.1848,,
49,C US Equity,9/29/2006,1.5653,8.9275,373.3773,,
50,C US Equity,9/30/2006,,,,14.5824,733.2516
51,C US Equity,10/31/2006,1.5807,9.0155,376.5893,,
52,C US Equity,11/24/2006,,,,,
53,C US Equity,11/30/2006,1.5782,9.0011,375.6571,,
54,C US Equity,12/29/2006,1.7434,9.9904,422.624,,
55,C US Equity,12/31/2006,,,,15.2211,488.7446
56,C US Equity,1/31/2007,1.7256,9.8882,414.142,,
57,C US Equity,2/23/2007,,,,,
58,C US Equity,2/28/2007,1.5922,9.1238,385.3318,,
59,C US Equity,3/30/2007,1.6032,9.0842,392.723,,
60,C US Equity,3/31/2007,,,,16.0987,863.1996
61,C US Equity,4/30/2007,1.6744,9.4876,413.1545,,
62,C US Equity,5/25/2007,,,,,
63,C US Equity,5/31/2007,1.7186,9.7384,421.4822,,
64,C US Equity,6/29/2007,1.5492,8.7999,396.8876,,
65,C US Equity,6/30/2007,,,,17.0878,927.7549
66,C US Equity,7/31/2007,1.4066,7.99,365.3958,,
67,C US Equity,8/31/2007,1.4325,8.137,365.771,,
68,C US Equity,9/28/2007,1.4307,9.4437,364.4454,,
69,C US Equity,9/30/2007,,,,18.0233,1000.2329
70,C US Equity,10/31/2007,1.2845,8.4785,327.4754,,
71,C US Equity,11/30/2007,1.0342,6.8262,264.4014,,
72,C US Equity,12/31/2007,1.0256,29.1187,231.3619,18.6736,733.9145
73,C US Equity,1/31/2008,0.9927,28.1861,223.6433,,
74,C US Equity,2/29/2008,0.8356,23.7235,193.0173,,
75,C US Equity,3/31/2008,0.8271,20.8419,169.3741,19.4796,677.0128
76,C US Equity,4/30/2008,0.9757,,203.7631,,
77,C US Equity,5/30/2008,0.856,,179.1656,,
78,C US Equity,5/31/2008,,,,,
79,C US Equity,6/30/2008,0.6789,,136.1006,19.7425,586.0394
80,C US Equity,7/31/2008,0.7702,,153.8097,,
81,C US Equity,8/29/2008,0.7826,,155.9683,,
82,C US Equity,8/31/2008,,,,,
83,C US Equity,9/30/2008,0.9346,,167.1539,19.991,592.3712
84,C US Equity,10/31/2008,0.6298,,112.4333,,
85,C US Equity,11/28/2008,0.3825,,67.2804,,
86,C US Equity,11/30/2008,,,,,
87,C US Equity,12/31/2008,0.4303,,56.9047,23.5171,382.7169
88,C US Equity,1/30/2009,0.2282,,31.0156,,
89,C US Equity,2/27/2009,0.0964,,13.2954,,
90,C US Equity,3/27/2009,,,,,
91,C US Equity,3/31/2009,0.1675,,21.06,26.7397,258.2887
92,C US Equity,4/30/2009,0.202,,26.3911,,
93,C US Equity,5/29/2009,0.2463,,31.0086,,
94,C US Equity,6/26/2009,,,,,
95,C US Equity,6/30/2009,0.1755,,24.9232,24.857,221.4604
96,C US Equity,7/31/2009,0.1874,,25.919,,
97,C US Equity,8/31/2009,0.2955,,41.894,,
98,C US Equity,9/25/2009,,,,,
99,C US Equity,9/30/2009,0.6592,,39.168,17.1012,214.4387
100,C US Equity,10/30/2009,0.557,,34.5845,,
101,C US Equity,11/30/2009,0.5598,,34.3165,,
102,C US Equity,12/31/2009,0.5179,,27.9447,12.786,171.1659
103,C US Equity,1/29/2010,0.5195,,27.6923,,
104,C US Equity,2/26/2010,0.532,,28.5224,,
105,C US Equity,3/31/2010,0.6421,,34.0235,12.7147,298.1571
106,C US Equity,4/30/2010,0.6928,,37.3925,,
107,C US Equity,5/31/2010,0.6278,,33.4406,,
108,C US Equity,6/30/2010,0.5903,,31.8213,12.8921,262.1178
109,C US Equity,7/30/2010,0.6437,,34.2969,,
110,C US Equity,8/31/2010,0.5823,,30.8596,,
111,C US Equity,9/30/2010,0.5847,11.4303,33.104,12.3652,230.6496
112,C US Equity,10/29/2010,0.6236,12.1904,34.8813,,
113,C US Equity,11/30/2010,0.6281,12.2781,35.046,,
114,C US Equity,12/31/2010,0.7052,10.4067,39.6339,11.9635,201.146
115,C US Equity,1/31/2011,0.7186,10.6047,40.0003,,
116,C US Equity,2/28/2011,0.6977,10.2967,39.3819,,
117,C US Equity,3/31/2011,0.633,10.2155,37.0412,11.5661,188.6362
118,C US Equity,4/29/2011,0.6573,10.6084,38.1794,,
119,C US Equity,5/31/2011,0.5894,9.5129,34.4237,,
120,C US Equity,6/30/2011,0.5779,9.1815,34.8864,11.2592,174.6452
121,C US Equity,7/29/2011,0.5322,8.456,32.06,,
122,C US Equity,8/31/2011,0.431,6.8482,26.0862,,
123,C US Equity,9/30/2011,0.3542,5.3867,21.8767,11.0237,160.5932
124,C US Equity,10/31/2011,0.4369,6.6432,26.979,,
125,C US Equity,11/30/2011,0.3802,5.7809,22.5155,,
126,C US Equity,12/30/2011,0.3631,6.2672,22.1544,,
127,C US Equity,12/31/2011,,,,10.7455,135.037
128,C US Equity,1/31/2012,0.424,7.3177,25.6785,,
129,C US Equity,2/29/2012,0.46,7.9395,28.1309,,
130,C US Equity,3/30/2012,0.4948,8.1934,30.6228,,
131,C US Equity,3/31/2012,,,,10.6359,126.4703
132,C US Equity,4/30/2012,0.4474,7.4077,27.6657,,
133,C US Equity,5/31/2012,0.359,5.9446,22.049,,
134,C US Equity,6/29/2012,0.367,6.1376,22.9101,,
135,C US Equity,6/30/2012,,,,10.5746,123.7254
136,C US Equity,7/31/2012,0.3633,6.0749,22.7029,,
137,C US Equity,8/31/2012,0.398,6.6551,25.01,,
138,C US Equity,9/28/2012,0.4315,6.7874,27.4761,,
139,C US Equity,9/30/2012,,,,10.3977,102.6137
140,C US Equity,10/31/2012,0.4931,7.7561,31.1952,,
141,C US Equity,11/30/2012,0.4561,7.173,29.0861,,
142,C US Equity,12/31/2012,0.539,7.0445,32.8668,10.1783,117.0903
143,C US Equity,1/31/2013,0.5745,7.5092,35.2754,,
144,C US Equity,2/28/2013,0.572,7.4754,35.4059,,
145,C US Equity,3/29/2013,0.5938,7.6797,37.149,,
146,C US Equity,3/31/2013,,,,9.9451,95.4797
147,C US Equity,4/30/2013,0.6263,8.0998,39.191,,
148,C US Equity,5/31/2013,0.698,9.027,44.2529,,
149,C US Equity,6/28/2013,0.6389,7.8682,40.3083,,
150,C US Equity,6/30/2013,,,,9.8617,90.203
151,C US Equity,7/31/2013,0.6944,8.5522,43.914,,
152,C US Equity,8/30/2013,0.6438,7.9288,40.452,,
153,C US Equity,9/30/2013,0.6314,8.0404,40.6556,9.7705,72.326
154,C US Equity,10/31/2013,0.635,8.0867,41.2571,,
155,C US Equity,11/29/2013,0.6889,8.7731,44.6873,,
156,C US Equity,12/31/2013,0.6707,8.9552,43.6566,9.6131,69.3048
157,C US Equity,1/31/2014,0.6106,8.1527,40.0321,,
158,C US Equity,2/28/2014,0.626,8.3589,40.861,,
159,C US Equity,3/31/2014,0.6034,8.1118,40.0193,9.4651,68.4273
160,C US Equity,4/30/2014,0.6073,8.1646,40.3511,,
161,C US Equity,5/30/2014,0.6031,8.1084,39.8832,,
162,C US Equity,6/30/2014,0.5926,10.6522,39.577,9.4254,79.3725
163,C US Equity,7/31/2014,0.6155,11.0637,41.3386,,
164,C US Equity,8/29/2014,0.65,11.6836,43.3738,,
165,C US Equity,9/30/2014,0.6487,11.5098,43.6476,9.3482,83.1709
166,C US Equity,10/31/2014,0.6702,11.8918,44.869,,
167,C US Equity,11/28/2014,0.6757,11.9896,45.3779,,
168,C US Equity,12/31/2014,0.6884,11.9899,45.7015,9.2428,82.7649
169,C US Equity,1/30/2015,0.5974,10.4056,39.6386,,
170,C US Equity,2/27/2015,0.667,11.6179,44.1877,,
171,C US Equity,3/31/2015,0.6483,11.1879,43.3004,9.1309,71.2896
172,C US Equity,4/30/2015,0.6709,11.5788,44.8618,,
173,C US Equity,5/29/2015,0.6811,11.755,45.5608,,
174,C US Equity,6/30/2015,0.6807,8.9393,46.4401,8.9707,68.5873
175,C US Equity,7/31/2015,0.721,9.4684,49.2713,,
176,C US Equity,8/31/2015,0.6596,8.6618,44.8116,,
177,C US Equity,9/30/2015,0.6051,7.7554,41.6604,8.8487,61.5161
178,C US Equity,10/30/2015,0.6491,8.3195,44.9531,,
179,C US Equity,11/30/2015,0.6604,8.4635,45.6483,,
180,C US Equity,12/31/2015,0.6278,7.5241,43.8448,8.6169,58.1464
181,C US Equity,1/29/2016,0.5172,6.1985,35.2708,,
182,C US Equity,2/29/2016,0.4719,5.6555,33.1172,,
183,C US Equity,3/31/2016,0.4929,6.4829,35.3668,8.5132,58.6586
184,C US Equity,4/29/2016,0.5469,7.1939,39.1742,,
185,C US Equity,5/31/2016,0.5503,7.239,39.3639,,
186,C US Equity,6/30/2016,0.4892,6.8216,35.6455,8.5694,60.1654
187,C US Equity,7/29/2016,0.5074,7.0757,37.2233,,
188,C US Equity,8/31/2016,0.553,7.7105,40.4493,,
189,C US Equity,9/30/2016,0.5374,7.7444,39.8541,8.5582,59.8307
190,C US Equity,10/31/2016,0.5592,8.0592,41.8717,,
191,C US Equity,11/30/2016,0.6437,9.277,47.9881,,
192,C US Equity,12/30/2016,0.6807,9.7824,50.5912,,
193,C US Equity,12/31/2016,,,,8.6329,53.578
194,C US Equity,1/31/2017,0.6395,9.1898,47.5477,,
195,C US Equity,2/28/2017,0.687,9.8732,50.9951,,
196,C US Equity,3/31/2017,0.6725,9.7146,51.3081,8.7131,48.3428
197,C US Equity,4/28/2017,0.6664,9.6265,50.664,,
198,C US Equity,5/31/2017,0.6824,9.8578,51.6548,,
199,C US Equity,6/30/2017,0.7394,11.0597,57.3635,8.7829,62.7787
200,C US Equity,7/31/2017,0.7567,11.3193,58.3339,,
201,C US Equity,8/31/2017,0.7556,11.302,58.4359,,
202,C US Equity,9/29/2017,0.793,11.792,62.4286,,
203,C US Equity,9/30/2017,,,,8.9544,62.7884
204,C US Equity,10/31/2017,0.8013,11.9152,63.2632,,
205,C US Equity,11/30/2017,0.8266,12.292,65.4216,,
206,C US Equity,12/29/2017,0.9092,11.8759,64.456,,
207,C US Equity,12/31/2017,,,,9.5714,72.4344
208,C US Equity,1/31/2018,0.9589,12.5254,67.9251,,
209,C US Equity,2/28/2018,0.9261,12.0971,65.9893,,
210,C US Equity,3/30/2018,0.8159,10.2887,59.3545,,
211,C US Equity,3/31/2018,,,,10.3352,73.5111
212,C US Equity,4/30/2018,0.8252,10.4061,59.6447,,
213,C US Equity,5/31/2018,0.81,10.2134,57.8902,,
214,C US Equity,6/29/2018,0.8097,10.1583,59.0031,,
215,C US Equity,6/30/2018,,,,10.5394,69.8912
216,C US Equity,7/31/2018,0.8698,10.9127,62.6712,,
217,C US Equity,8/31/2018,0.8674,10.8822,62.2205,,
218,C US Equity,9/28/2018,0.8623,10.2958,62.9999,,
219,C US Equity,9/30/2018,,,,10.6886,68.7274
220,C US Equity,10/31/2018,0.7868,9.3945,57.4666,,
221,C US Equity,11/30/2018,0.7841,9.3623,57.0616,,
222,C US Equity,12/31/2018,0.6118,7.1978,45.6866,10.8019,71.1733
223,C US Equity,1/31/2019,0.7575,8.9123,56.5242,,
224,C US Equity,2/28/2019,0.7571,8.9081,56.9385,,
225,C US Equity,3/29/2019,0.7168,7.8443,55.3015,,
226,C US Equity,3/31/2019,,,,10.8861,80.0162
227,C US Equity,4/30/2019,0.8145,8.9134,62.7343,,
228,C US Equity,5/31/2019,0.7206,7.8859,55.7012,,
229,C US Equity,6/28/2019,0.7884,8.1544,62.436,,
230,C US Equity,6/30/2019,,,,11.0349,68.3792
231,C US Equity,7/31/2019,0.8011,8.2859,63.6798,,
232,C US Equity,8/30/2019,0.7299,7.5493,58.0626,,
233,C US Equity,9/30/2019,0.7679,7.959,62.3226,11.2359,56.3358
234,C US Equity,10/31/2019,0.7988,8.2793,64.6399,,
235,C US Equity,11/29/2019,0.841,8.7168,68.3876,,
236,C US Equity,12/31/2019,0.8741,8.2995,72.2948,11.262,71.8313
237,C US Equity,1/31/2020,0.8196,7.7815,68.278,,
238,C US Equity,2/28/2020,0.699,6.6364,57.4194,,
239,C US Equity,3/31/2020,0.4592,7.5223,39.1478,11.9301,82.2154
240,C US Equity,4/30/2020,0.5294,8.6725,44.4699,,
241,C US Equity,5/29/2020,0.5279,8.6472,44.502,,
242,C US Equity,6/30/2020,0.5653,8.7096,46.9095,12.7948,48.0473
243,C US Equity,7/31/2020,0.5589,8.6101,46.4391,,
244,C US Equity,8/31/2020,0.5713,8.8012,47.857,,
245,C US Equity,9/30/2020,0.4756,8.5317,40.1993,12.7802,26.8512
246,C US Equity,10/30/2020,0.4626,8.2988,38.7026,,
247,C US Equity,11/30/2020,0.6151,11.0337,52.3973,,
248,C US Equity,12/31/2020,0.6732,14.1121,57.8792,12.6302,24.995
249,C US Equity,1/29/2021,0.6385,13.3853,55.7215,,
250,C US Equity,2/26/2021,0.7254,15.2064,63.1828,,
251,C US Equity,3/31/2021,0.7852,7.6399,69.3879,12.6283,24.8739
252,C US Equity,4/30/2021,0.7742,7.5333,68.6582,,
253,C US Equity,5/31/2021,0.8554,8.3233,75.2798,,
254,C US Equity,6/30/2021,0.7462,7.0392,67.502,12.6684,42.2779
255,C US Equity,7/30/2021,0.7185,6.778,65.4144,,
256,C US Equity,8/31/2021,0.7641,7.208,69.5094,,
257,C US Equity,9/30/2021,0.7352,6.4788,68.1417,12.7771,7.7323
258,C US Equity,10/29/2021,0.7297,6.4309,67.6169,,
259,C US Equity,11/30/2021,0.6721,5.9232,62.0852,,
260,C US Equity,12/31/2021,0.6369,6.034,58.7253,12.7189,27.0733
261,C US Equity,1/31/2022,0.6868,6.5066,62.9353,,
262,C US Equity,2/28/2022,0.6296,5.9647,58.0928,,
263,C US Equity,3/31/2022,0.5687,5.8235,52.792,12.9545,43.597
264,C US Equity,4/29/2022,0.5187,5.3117,48.2995,,
265,C US Equity,5/31/2022,0.5747,5.8846,52.839,,
266,C US Equity,6/30/2022,0.4899,4.8271,45.5006,13.3108,33.942
267,C US Equity,7/29/2022,0.5584,5.5011,51.8708,,
268,C US Equity,8/31/2022,0.5251,5.1736,48.9867,,
269,C US Equity,9/30/2022,0.4495,4.6472,42.1144,13.243,69.991
270,MS US Equity,9/30/2003,1.3403,8.9026,29.229,,
271,MS US Equity,10/31/2003,1.4636,9.7221,31.9029,,
272,MS US Equity,11/28/2003,1.4014,9.2852,32.2224,,
273,MS US Equity,11/30/2003,,,,24.3644,549.5404
274,MS US Equity,12/31/2003,1.467,9.7202,33.5421,,
275,MS US Equity,1/30/2004,1.4821,9.8198,33.8522,,
276,MS US Equity,2/27/2004,1.469,9.3017,35.1159,,
277,MS US Equity,2/29/2004,,,,24.7343,1631.4313
278,MS US Equity,3/31/2004,1.4085,8.9188,33.4458,,
279,MS US Equity,4/30/2004,1.2688,8.0344,30.362,,
280,MS US Equity,5/28/2004,,,,,
281,MS US Equity,5/31/2004,1.2758,7.4695,31.4134,26.1259,1776.1416
282,MS US Equity,6/30/2004,1.2582,7.3662,30.8791,,
283,MS US Equity,7/30/2004,1.182,6.9199,29.0181,,
284,MS US Equity,8/27/2004,,,,,
285,MS US Equity,8/31/2004,1.1954,7.3981,29.7944,27.0944,1757.9386
286,MS US Equity,9/30/2004,1.1617,7.1896,28.9468,,
287,MS US Equity,10/29/2004,1.21,7.4884,30.3456,,
288,MS US Equity,11/26/2004,,,,,
289,MS US Equity,11/30/2004,1.1582,7.2589,30.0248,26.8286,577.7872
290,MS US Equity,12/31/2004,1.2671,7.9412,32.8871,,
291,MS US Equity,1/31/2005,1.2834,8.0433,33.1261,,
292,MS US Equity,2/25/2005,,,,,
293,MS US Equity,2/28/2005,1.301,7.637,33.707,27.3283,1945.7827
294,MS US Equity,3/31/2005,1.319,7.7425,33.9702,,
295,MS US Equity,4/29/2005,1.2183,7.1516,30.9449,,
296,MS US Equity,5/27/2005,,,,,
297,MS US Equity,5/31/2005,1.123,7.0044,29.2822,28.5248,678.0216
298,MS US Equity,6/30/2005,1.2035,7.5065,31.7469,,
299,MS US Equity,7/29/2005,1.223,7.628,31.976,,
300,MS US Equity,8/26/2005,,,,,
301,MS US Equity,8/31/2005,1.1728,6.8095,30.4451,29.2825,1543.5954
302,MS US Equity,9/30/2005,1.2436,7.2205,32.3345,,
303,MS US Equity,10/31/2005,1.2609,7.3206,33.0569,,
304,MS US Equity,11/25/2005,,,,,
305,MS US Equity,11/30/2005,1.2268,7.0812,33.9991,30.2382,770.1586
306,MS US Equity,12/30/2005,1.2424,7.171,34.1792,,
307,MS US Equity,12/31/2005,,,,,
308,MS US Equity,1/31/2006,1.3516,7.8018,37.1873,,
309,MS US Equity,2/24/2006,,,,,
310,MS US Equity,2/28/2006,1.2866,7.359,36.3143,31.3319,1739.044
311,MS US Equity,3/31/2006,1.3547,7.7488,38.5153,,
312,MS US Equity,4/28/2006,1.3925,7.9649,39.1427,,
313,MS US Equity,5/26/2006,,,,,
314,MS US Equity,5/31/2006,1.2074,6.3523,36.2328,31.8487,1742.6255
315,MS US Equity,6/30/2006,1.2801,6.7348,38.5102,,
316,MS US Equity,7/31/2006,1.3524,7.1153,40.4995,,
317,MS US Equity,8/25/2006,,,,,
318,MS US Equity,8/31/2006,1.2889,6.5685,40.2834,31.4711,832.6801
319,MS US Equity,9/29/2006,1.4284,7.2794,44.7864,,
320,MS US Equity,9/30/2006,,,,,
321,MS US Equity,10/31/2006,1.5028,7.6584,46.97,,
322,MS US Equity,11/24/2006,,,,,
323,MS US Equity,11/30/2006,1.432,8.1784,46.9169,31.9304,957.5953
324,MS US Equity,12/29/2006,1.5311,8.7443,50.1422,,
325,MS US Equity,12/31/2006,,,,,
326,MS US Equity,1/31/2007,1.5619,8.92,50.4119,,
327,MS US Equity,2/23/2007,,,,,
328,MS US Equity,2/28/2007,1.3301,7.237,46.1428,32.3864,1074.2557
329,MS US Equity,3/30/2007,1.3982,7.608,48.4564,,
330,MS US Equity,3/31/2007,,,,,
331,MS US Equity,4/30/2007,1.4965,8.1425,52.2826,,
332,MS US Equity,5/25/2007,,,,,
333,MS US Equity,5/31/2007,1.4398,7.6433,52.926,31.6489,1150.3961
334,MS US Equity,6/29/2007,1.4202,7.539,52.0344,,
335,MS US Equity,6/30/2007,,,,,
336,MS US Equity,7/31/2007,1.3077,6.942,48.9762,,
337,MS US Equity,8/31/2007,1.451,6.8993,46.4802,32.8706,1103.6482
338,MS US Equity,9/28/2007,1.4657,6.969,47.1721,,
339,MS US Equity,9/30/2007,,,,,
340,MS US Equity,10/31/2007,1.5709,7.4694,50.095,,
341,MS US Equity,11/30/2007,1.3857,18.1549,40.0866,34.6793,924.5419
342,MS US Equity,12/31/2007,1.396,18.2893,39.6888,,
343,MS US Equity,1/31/2008,1.3045,17.0904,36.5572,,
344,MS US Equity,2/29/2008,1.0924,21.7844,32.1821,34.2637,754.8948
345,MS US Equity,3/31/2008,1.1853,23.636,34.7164,,
346,MS US Equity,4/30/2008,1.2677,25.2792,37.0385,,
347,MS US Equity,5/30/2008,1.1154,197.5823,33.4672,,
348,MS US Equity,5/31/2008,,,,32.3628,335.9348
349,MS US Equity,6/30/2008,0.9096,161.1303,27.4839,,
350,MS US Equity,7/31/2008,1.003,177.678,30.2551,,
351,MS US Equity,8/29/2008,0.9995,283.9828,31.2447,,
352,MS US Equity,8/31/2008,,,,29.6605,166.1652
353,MS US Equity,9/30/2008,0.563,159.9707,17.8175,,
354,MS US Equity,10/31/2008,0.433,123.0221,13.4752,,
355,MS US Equity,11/28/2008,0.3779,7.7199,11.2445,,
356,MS US Equity,11/30/2008,,,,24.8144,236.5387
357,MS US Equity,12/31/2008,0.4109,8.3951,12.2178,,
358,MS US Equity,1/30/2009,0.5254,10.7345,16.5243,,
359,MS US Equity,2/27/2009,0.5075,10.3684,15.8086,,
360,MS US Equity,3/27/2009,,,,,
361,MS US Equity,3/31/2009,0.6598,43.9225,17.7182,21.0663,158.3413
362,MS US Equity,4/30/2009,0.6872,45.7442,18.8946,,
363,MS US Equity,5/29/2009,0.8813,58.6702,23.6638,,
364,MS US Equity,6/26/2009,,,,,
365,MS US Equity,6/30/2009,0.8253,56.3095,22.4461,19.6519,248.0501
366,MS US Equity,7/31/2009,0.8265,,22.5229,,
367,MS US Equity,8/31/2009,0.8399,,22.6132,,
368,MS US Equity,9/25/2009,,,,,
369,MS US Equity,9/30/2009,0.9011,,24.3635,19.6154,341.795
370,MS US Equity,10/30/2009,0.9387,,25.5431,,
371,MS US Equity,11/30/2009,0.9229,,24.6525,,
372,MS US Equity,12/31/2009,0.8582,12.1904,23.4346,20.8681,255.881
373,MS US Equity,1/29/2010,0.7779,11.0493,21.5267,,
374,MS US Equity,2/26/2010,0.8185,11.6269,22.2767,,
375,MS US Equity,3/31/2010,0.8388,9.8195,23.1393,21.0035,308.0157
376,MS US Equity,4/30/2010,0.8669,10.1482,24.2123,,
377,MS US Equity,5/31/2010,0.7777,9.1039,21.6009,,
378,MS US Equity,6/30/2010,0.621,7.3877,18.6074,20.3436,245.4555
379,MS US Equity,7/30/2010,0.7234,8.6068,21.4766,,
380,MS US Equity,8/31/2010,0.6618,7.8734,19.5305,,
381,MS US Equity,9/30/2010,0.6276,10.8868,19.7578,18.6124,255.869
382,MS US Equity,10/29/2010,0.6337,10.9933,19.8569,,
383,MS US Equity,11/30/2010,0.6233,10.8121,19.5242,,
384,MS US Equity,12/31/2010,0.688,9.9209,21.6849,17.3782,235.0513
385,MS US Equity,1/31/2011,0.7447,10.7379,23.2719,,
386,MS US Equity,2/28/2011,0.7518,10.8402,23.665,,
387,MS US Equity,3/31/2011,0.693,13.2026,21.8098,17.0876,247.9927
388,MS US Equity,4/29/2011,0.6646,12.6616,20.8361,,
389,MS US Equity,5/31/2011,0.614,11.6981,19.2888,,
390,MS US Equity,6/30/2011,0.6095,19.3268,18.3627,15.6097,205.6015
391,MS US Equity,7/29/2011,0.5907,18.7283,17.92,,
392,MS US Equity,8/31/2011,0.4646,14.7301,13.9799,,
393,MS US Equity,9/30/2011,0.3458,15.9454,11.1714,13.7167,141.4429
394,MS US Equity,10/31/2011,0.4528,20.8827,14.5677,,
395,MS US Equity,11/30/2011,0.3797,17.5088,11.5503,,
396,MS US Equity,12/30/2011,0.3869,18.0415,12.1649,,
397,MS US Equity,12/31/2011,,,,12.7819,182.1841
398,MS US Equity,1/31/2012,0.4782,,14.8759,,
399,MS US Equity,2/29/2012,0.4754,,15.061,,
400,MS US Equity,3/30/2012,0.5146,,15.811,,
401,MS US Equity,3/31/2012,,,,12.6151,210.8936
402,MS US Equity,4/30/2012,0.4541,,13.8557,,
403,MS US Equity,5/31/2012,0.3511,,10.6374,,
404,MS US Equity,6/29/2012,0.38,22.2707,11.6108,,
405,MS US Equity,6/30/2012,,,,12.522,156.4806
406,MS US Equity,7/31/2012,0.3572,20.9316,11.021,,
407,MS US Equity,8/31/2012,0.3922,22.9849,12.1867,,
408,MS US Equity,9/28/2012,0.4447,15.7807,13.6135,,
409,MS US Equity,9/30/2012,,,,12.4441,206.1392
410,MS US Equity,10/31/2012,0.4631,16.4323,14.1469,,
411,MS US Equity,11/30/2012,0.4495,15.9501,13.7481,,
412,MS US Equity,12/31/2012,0.5066,8.8414,15.353,12.7878,211.9807
413,MS US Equity,1/31/2013,0.6054,10.5662,18.5832,,
414,MS US Equity,2/28/2013,0.5988,10.4504,18.5155,,
415,MS US Equity,3/29/2013,0.574,11.0358,17.9838,,
416,MS US Equity,3/31/2013,,,,12.9916,198.3318
417,MS US Equity,4/30/2013,0.5798,11.1471,18.1548,,
418,MS US Equity,5/31/2013,0.678,13.0343,21.3929,,
419,MS US Equity,6/28/2013,0.6342,11.2993,20.026,,
420,MS US Equity,6/30/2013,,,,13.0552,215.1541
421,MS US Equity,7/31/2013,0.7076,12.6079,22.3794,,
422,MS US Equity,8/30/2013,0.6699,11.936,21.0961,,
423,MS US Equity,9/30/2013,0.6866,11.4475,22.0361,13.1391,177.7656
424,MS US Equity,10/31/2013,0.7332,12.2247,23.7492,,
425,MS US Equity,11/29/2013,0.7988,13.3183,25.7417,,
426,MS US Equity,12/31/2013,0.7976,13.1144,25.6695,13.2707,197.0375
427,MS US Equity,1/31/2014,0.7518,12.3613,24.2879,,
428,MS US Equity,2/28/2014,0.7847,12.9016,25.2199,,
429,MS US Equity,3/31/2014,0.7906,12.6016,25.5975,13.1494,157.8044
430,MS US Equity,4/30/2014,0.787,12.5456,25.4031,,
431,MS US Equity,5/30/2014,0.7853,12.5172,25.4147,,
432,MS US Equity,6/30/2014,0.7962,11.5712,26.4885,12.7942,162.7304
433,MS US Equity,7/31/2014,0.7988,11.6099,26.9568,,
434,MS US Equity,8/29/2014,0.8475,12.3171,28.3566,,
435,MS US Equity,9/30/2014,0.8365,11.1559,28.5668,12.3731,126.2407
436,MS US Equity,10/31/2014,0.8481,11.3115,29.0135,,
437,MS US Equity,11/28/2014,0.8537,11.3859,29.1271,,
438,MS US Equity,12/31/2014,0.9672,16.2868,32.2816,12.2632,122.2678
439,MS US Equity,1/30/2015,0.8452,14.2333,28.2709,,
440,MS US Equity,2/27/2015,0.8947,15.0668,29.8338,,
441,MS US Equity,3/31/2015,0.8777,13.9683,29.8328,12.398,107.3596
442,MS US Equity,4/30/2015,0.9213,14.6617,31.2108,,
443,MS US Equity,5/29/2015,0.9433,15.0115,32.0019,,
444,MS US Equity,6/30/2015,0.9379,13.8752,32.3993,12.3349,98.6118
445,MS US Equity,7/31/2015,0.9427,13.9464,32.6662,,
446,MS US Equity,8/31/2015,0.8361,12.3701,28.8801,,
447,MS US Equity,9/30/2015,0.7549,13.085,26.4264,12.2694,42.9482
448,MS US Equity,10/30/2015,0.7938,13.7596,27.9383,,
449,MS US Equity,11/30/2015,0.8258,14.3147,28.7783,,
450,MS US Equity,12/31/2015,0.7599,10.6455,26.9316,11.9736,47.6215
451,MS US Equity,1/29/2016,0.6219,8.7123,21.6609,,
452,MS US Equity,2/29/2016,0.5935,8.315,21.0498,,
453,MS US Equity,3/31/2016,0.5994,9.5678,21.3491,11.7146,50.7962
454,MS US Equity,4/29/2016,0.6521,10.4087,23.0152,,
455,MS US Equity,5/31/2016,0.6595,10.5279,23.4261,,
456,MS US Equity,6/30/2016,0.6095,10.1738,21.8804,11.8504,76.7821
457,MS US Equity,7/29/2016,0.6786,11.3282,24.6654,,
458,MS US Equity,8/31/2016,0.7573,12.6412,27.4649,,
459,MS US Equity,9/30/2016,0.7407,10.8631,27.3617,11.7993,105.1095
460,MS US Equity,10/31/2016,0.7803,11.4428,29.0394,,
461,MS US Equity,11/30/2016,0.9613,14.0982,35.6955,,
462,MS US Equity,12/30/2016,0.985,12.2845,36.4345,,
463,MS US Equity,12/31/2016,,,,11.7896,97.9735
464,MS US Equity,1/31/2017,0.9951,12.4107,36.9227,,
465,MS US Equity,2/28/2017,1.0696,13.3395,39.452,,
466,MS US Equity,3/31/2017,0.9904,10.833,37.158,11.943,141.3902
467,MS US Equity,4/28/2017,1.0072,11.0167,37.8753,,
468,MS US Equity,5/31/2017,0.9693,10.6026,36.1436,,
469,MS US Equity,6/30/2017,1.0147,10.9359,38.898,11.9777,135.7372
470,MS US Equity,7/31/2017,1.0737,11.5715,41.0179,,
471,MS US Equity,8/31/2017,1.0417,11.2261,39.8996,,
472,MS US Equity,9/29/2017,1.0842,11.4645,42.1388,,
473,MS US Equity,9/30/2017,,,,12.0394,135.095
474,MS US Equity,10/31/2017,1.1309,11.9585,44.1157,,
475,MS US Equity,11/30/2017,1.1673,12.3436,45.5867,,
476,MS US Equity,12/29/2017,1.1978,11.8573,46.2133,,
477,MS US Equity,12/31/2017,,,,12.2403,158.0774
478,MS US Equity,1/31/2018,1.2966,12.8351,50.0512,,
479,MS US Equity,2/28/2018,1.2844,12.7148,50.13,,
480,MS US Equity,3/30/2018,1.216,11.0001,47.5456,,
481,MS US Equity,3/31/2018,,,,12.3585,145.0175
482,MS US Equity,4/30/2018,1.1689,10.5737,46.1114,,
483,MS US Equity,5/31/2018,1.1354,10.2706,44.5287,,
484,MS US Equity,6/29/2018,1.0425,8.8305,42.5815,,
485,MS US Equity,6/30/2018,,,,12.3792,101.8086
486,MS US Equity,7/31/2018,1.1186,9.4748,45.1824,,
487,MS US Equity,8/31/2018,1.0803,9.1506,43.5578,,
488,MS US Equity,9/28/2018,1.0222,8.3075,41.7863,,
489,MS US Equity,9/30/2018,,,,12.3703,131.7019
490,MS US Equity,10/31/2018,1.0091,8.2012,41.175,,
491,MS US Equity,11/30/2018,0.981,7.9731,39.807,,
492,MS US Equity,12/31/2018,0.8445,7.4979,35.4562,12.1137,114.9903
493,MS US Equity,1/31/2019,0.9073,8.0559,38.3596,,
494,MS US Equity,2/28/2019,0.9005,7.9949,38.0817,,
495,MS US Equity,3/29/2019,0.8919,8.1415,38.2024,,
496,MS US Equity,3/31/2019,,,,12.0162,113.8463
497,MS US Equity,4/30/2019,1.0262,9.3674,43.875,,
498,MS US Equity,5/31/2019,0.8654,7.8997,37.2431,,
499,MS US Equity,6/28/2019,0.9042,8.6364,40.1373,,
500,MS US Equity,6/30/2019,,,,12.1584,152.4594
501,MS US Equity,7/31/2019,0.9269,8.8528,40.9704,,
502,MS US Equity,8/30/2019,0.863,8.2428,38.1714,,
503,MS US Equity,9/30/2019,0.861,8.2987,39.2386,12.2024,132.2573
504,MS US Equity,10/31/2019,0.9362,9.0235,42.3918,,
505,MS US Equity,11/29/2019,1.0059,9.6956,45.8433,,
506,MS US Equity,12/31/2019,1.0319,9.0941,47.1714,12.2406,124.2935
507,MS US Equity,1/31/2020,1.0618,9.3579,48.8234,,
508,MS US Equity,2/28/2020,0.9149,8.0633,41.4095,,
509,MS US Equity,3/31/2020,0.6448,6.5683,32.058,12.258,66.4454
510,MS US Equity,4/30/2020,0.7543,7.6843,37.1063,,
511,MS US Equity,5/29/2020,0.8456,8.6139,41.5492,,
512,MS US Equity,6/30/2020,0.9151,8.0497,45.079,12.3704,93.1473
513,MS US Equity,7/31/2020,0.9325,8.2031,46.0283,,
514,MS US Equity,8/31/2020,0.997,8.7703,49.5639,,
515,MS US Equity,9/30/2020,0.9024,7.6809,45.7371,12.2235,100.8651
516,MS US Equity,10/30/2020,0.9053,7.7058,45.543,,
517,MS US Equity,11/30/2020,1.1625,9.8952,59.235,,
518,MS US Equity,12/31/2020,1.2768,9.9538,65.0544,12.0171,72.7113
519,MS US Equity,1/29/2021,1.2556,9.7889,64.8147,,
520,MS US Equity,2/26/2021,1.4395,11.2226,73.7909,,
521,MS US Equity,3/31/2021,1.4108,9.5697,74.6935,11.9066,92.1869
522,MS US Equity,4/30/2021,1.506,10.2155,79.4655,,
523,MS US Equity,5/31/2021,1.6593,11.255,87.2251,,
524,MS US Equity,6/30/2021,1.6317,11.5829,87.803,11.7421,78.0893
525,MS US Equity,7/30/2021,1.7206,12.2139,93.1287,,
526,MS US Equity,8/31/2021,1.8721,13.2892,101.0775,,
527,MS US Equity,9/30/2021,1.7276,11.687,94.8392,11.924,69.9138
528,MS US Equity,10/29/2021,1.8373,12.4293,100.2776,,
529,MS US Equity,11/30/2021,1.695,11.4667,92.6127,,
530,MS US Equity,12/31/2021,1.7369,11.6412,95.6805,12.1455,64.8558
531,MS US Equity,1/31/2022,1.827,12.2453,100.2409,,
532,MS US Equity,2/28/2022,1.6168,10.8362,89.4421,,
533,MS US Equity,3/31/2022,1.5843,10.638,86.5923,12.4992,36.0067
534,MS US Equity,4/29/2022,1.4734,9.8934,80.7688,,
535,MS US Equity,5/31/2022,1.5749,10.5747,85.3527,,
536,MS US Equity,6/30/2022,1.3834,9.8811,75.1378,12.6775,37.6157
537,MS US Equity,7/29/2022,1.5478,11.0554,84.2537,,
538,MS US Equity,8/31/2022,1.5647,11.176,85.1478,,
539,MS US Equity,9/30/2022,1.4663,11.1135,79.5461,,
540,SCGLY US Equity,9/30/2003,,,,,
541,SCGLY US Equity,10/31/2003,,,,,
542,SCGLY US Equity,11/28/2003,,,,,
543,SCGLY US Equity,11/30/2003,,,,,
544,SCGLY US Equity,12/31/2003,,,,,
545,SCGLY US Equity,1/30/2004,,,,,
546,SCGLY US Equity,2/27/2004,,,,,
547,SCGLY US Equity,2/29/2004,,,,,
548,SCGLY US Equity,3/31/2004,,,,,
549,SCGLY US Equity,4/30/2004,,,,,
550,SCGLY US Equity,5/28/2004,,,,,
551,SCGLY US Equity,5/31/2004,,,,,
552,SCGLY US Equity,6/30/2004,,,,,
553,SCGLY US Equity,7/30/2004,,,,,
554,SCGLY US Equity,8/27/2004,,,,,
555,SCGLY US Equity,8/31/2004,,,,,
556,SCGLY US Equity,9/30/2004,,,,,
557,SCGLY US Equity,10/29/2004,,,,,
558,SCGLY US Equity,11/26/2004,,,,,
559,SCGLY US Equity,11/30/2004,,,,,
560,SCGLY US Equity,12/31/2004,,,,,
561,SCGLY US Equity,1/31/2005,,,,,
562,SCGLY US Equity,2/25/2005,,,,,
563,SCGLY US Equity,2/28/2005,,,,,
564,SCGLY US Equity,3/31/2005,,,,,
565,SCGLY US Equity,4/29/2005,,,,,
566,SCGLY US Equity,5/27/2005,,,,,
567,SCGLY US Equity,5/31/2005,,,,,
568,SCGLY US Equity,6/30/2005,,,,,
569,SCGLY US Equity,7/29/2005,,,,,
570,SCGLY US Equity,8/26/2005,,,,,
571,SCGLY US Equity,8/31/2005,,,,,
572,SCGLY US Equity,9/30/2005,,,,,
573,SCGLY US Equity,10/31/2005,,,,,
574,SCGLY US Equity,11/25/2005,,,,,
575,SCGLY US Equity,11/30/2005,,,,,
576,SCGLY US Equity,12/30/2005,,,,,
577,SCGLY US Equity,12/31/2005,,,,,
578,SCGLY US Equity,1/31/2006,,,,,
579,SCGLY US Equity,2/24/2006,,,,,
580,SCGLY US Equity,2/28/2006,,,,,
581,SCGLY US Equity,3/31/2006,,,,,
582,SCGLY US Equity,4/28/2006,,,,,
583,SCGLY US Equity,5/26/2006,,,,,
584,SCGLY US Equity,5/31/2006,,,,,
585,SCGLY US Equity,6/30/2006,,,,,
586,SCGLY US Equity,7/31/2006,,,,,
587,SCGLY US Equity,8/25/2006,,,,,
588,SCGLY US Equity,8/31/2006,,,,,
589,SCGLY US Equity,9/29/2006,,,,,
590,SCGLY US Equity,9/30/2006,,,,,
591,SCGLY US Equity,10/31/2006,,,,,
592,SCGLY US Equity,11/24/2006,,,,,
593,SCGLY US Equity,11/30/2006,,,,,
594,SCGLY US Equity,12/29/2006,,,,,
595,SCGLY US Equity,12/31/2006,,,,,
596,SCGLY US Equity,1/31/2007,,,,,
597,SCGLY US Equity,2/23/2007,,,,,
598,SCGLY US Equity,2/28/2007,,,,,
599,SCGLY US Equity,3/30/2007,,,,,
600,SCGLY US Equity,3/31/2007,,,,,
601,SCGLY US Equity,4/30/2007,,,,,
602,SCGLY US Equity,5/25/2007,,,,,
603,SCGLY US Equity,5/31/2007,,,,,
604,SCGLY US Equity,6/29/2007,,,,,
605,SCGLY US Equity,6/30/2007,,,,,1799.5155
606,SCGLY US Equity,7/31/2007,,,,,
607,SCGLY US Equity,8/31/2007,,,,,
608,SCGLY US Equity,9/28/2007,,,,,
609,SCGLY US Equity,9/30/2007,,,,,
610,SCGLY US Equity,10/31/2007,,,,,
611,SCGLY US Equity,11/30/2007,,,,,
612,SCGLY US Equity,12/31/2007,,,,,1728.5276
613,SCGLY US Equity,1/31/2008,,,,,
614,SCGLY US Equity,2/29/2008,,,,,
615,SCGLY US Equity,3/31/2008,,,,,
616,SCGLY US Equity,4/30/2008,,,,,
617,SCGLY US Equity,5/30/2008,,,,,
618,SCGLY US Equity,5/31/2008,,,,,
619,SCGLY US Equity,6/30/2008,,,,,1332.8918
620,SCGLY US Equity,7/31/2008,,,,,
621,SCGLY US Equity,8/29/2008,,,,,
622,SCGLY US Equity,8/31/2008,,,,,
623,SCGLY US Equity,9/30/2008,,,,,
624,SCGLY US Equity,10/31/2008,,,6.1924,,
625,SCGLY US Equity,11/28/2008,,,4.8616,,
626,SCGLY US Equity,11/30/2008,,,,,
627,SCGLY US Equity,12/31/2008,,,5.9607,,1417.5924
628,SCGLY US Equity,1/30/2009,,,4.9,,
629,SCGLY US Equity,2/27/2009,,,3.6369,,
630,SCGLY US Equity,3/27/2009,,,,,
631,SCGLY US Equity,3/31/2009,,,4.5174,,
632,SCGLY US Equity,4/30/2009,,,5.9358,,
633,SCGLY US Equity,5/29/2009,,,6.8933,,
634,SCGLY US Equity,6/26/2009,,,,,
635,SCGLY US Equity,6/30/2009,,,6.5077,,719.0129
636,SCGLY US Equity,7/31/2009,,,7.6926,,
637,SCGLY US Equity,8/31/2009,,,9.5871,,
638,SCGLY US Equity,9/25/2009,,,,,
639,SCGLY US Equity,9/30/2009,,,9.6557,,
640,SCGLY US Equity,10/30/2009,,,8.5483,,
641,SCGLY US Equity,11/30/2009,,,8.8123,,
642,SCGLY US Equity,12/31/2009,,,8.9357,,612.2486
643,SCGLY US Equity,1/29/2010,,,7.4341,,
644,SCGLY US Equity,2/26/2010,,,6.95,,
645,SCGLY US Equity,3/31/2010,,,7.9148,27.033,1083.368
646,SCGLY US Equity,4/30/2010,,,6.7239,,
647,SCGLY US Equity,5/31/2010,,,5.5317,,
648,SCGLY US Equity,6/30/2010,,,5.3189,27.4052,580.985
649,SCGLY US Equity,7/30/2010,,,7.307,,
650,SCGLY US Equity,8/31/2010,,,6.4279,,
651,SCGLY US Equity,9/30/2010,,,7.3782,25.1643,1068.0723
652,SCGLY US Equity,10/29/2010,,,7.6346,,
653,SCGLY US Equity,11/30/2010,,,5.9087,,
654,SCGLY US Equity,12/31/2010,,,6.9449,24.7995,616.2746
655,SCGLY US Equity,1/31/2011,,,8.2707,,
656,SCGLY US Equity,2/28/2011,,,9.0401,,
657,SCGLY US Equity,3/31/2011,,,8.2953,24.2667,946.7181
658,SCGLY US Equity,4/29/2011,,,8.5592,,
659,SCGLY US Equity,5/31/2011,,,7.8939,,
660,SCGLY US Equity,6/30/2011,,,7.7489,24.2492,594.2958
661,SCGLY US Equity,7/29/2011,,,6.5997,,
662,SCGLY US Equity,8/31/2011,,,4.4623,,
663,SCGLY US Equity,9/30/2011,,,3.501,25.1417,1053.8023
664,SCGLY US Equity,10/31/2011,,,3.949,,
665,SCGLY US Equity,11/30/2011,,,3.2197,,
666,SCGLY US Equity,12/30/2011,,,2.9057,,
667,SCGLY US Equity,12/31/2011,,,,25.517,539.971
668,SCGLY US Equity,1/31/2012,,,3.5382,,
669,SCGLY US Equity,2/29/2012,,,4.3471,,
670,SCGLY US Equity,3/30/2012,,,3.8497,,
671,SCGLY US Equity,3/31/2012,,,,25.0379,974.6154
672,SCGLY US Equity,4/30/2012,,,3.1325,,
673,SCGLY US Equity,5/31/2012,,,2.6115,,
674,SCGLY US Equity,6/29/2012,,,3.0567,,
675,SCGLY US Equity,6/30/2012,,,,25.2809,555.8762
676,SCGLY US Equity,7/31/2012,,,2.947,,
677,SCGLY US Equity,8/31/2012,,,3.4974,,
678,SCGLY US Equity,9/28/2012,,,3.7618,,
679,SCGLY US Equity,9/30/2012,,,,25.8403,996.6292
680,SCGLY US Equity,10/31/2012,,,4.2323,,
681,SCGLY US Equity,11/30/2012,,,4.8229,,
682,SCGLY US Equity,12/31/2012,,,5.1619,25.7412,611.0736
683,SCGLY US Equity,1/31/2013,,,5.9889,,
684,SCGLY US Equity,2/28/2013,,,5.1434,,
685,SCGLY US Equity,3/29/2013,,,4.4443,,
686,SCGLY US Equity,3/31/2013,,,,25.1786,970.1299
687,SCGLY US Equity,4/30/2013,,,4.8566,,
688,SCGLY US Equity,5/31/2013,,,5.383,,
689,SCGLY US Equity,6/28/2013,,,4.6617,,
690,SCGLY US Equity,6/30/2013,,,,25.1768,605.4432
691,SCGLY US Equity,7/31/2013,,,5.4514,,
692,SCGLY US Equity,8/30/2013,,,5.9218,,
693,SCGLY US Equity,9/30/2013,,,6.7218,25.0065,945.173
694,SCGLY US Equity,10/31/2013,,,7.6759,,
695,SCGLY US Equity,11/29/2013,,,7.7984,,
696,SCGLY US Equity,12/31/2013,,,7.8495,24.2549,665.881
697,SCGLY US Equity,1/31/2014,,,7.6584,,
698,SCGLY US Equity,2/28/2014,,,8.9888,,
699,SCGLY US Equity,3/31/2014,,,8.377,24.3191,1087.6155
700,SCGLY US Equity,4/30/2014,,,8.4024,,
701,SCGLY US Equity,5/30/2014,,,8.0048,,
702,SCGLY US Equity,6/30/2014,,,7.2656,24.793,734.862
703,SCGLY US Equity,7/31/2014,,,6.9651,,
704,SCGLY US Equity,8/29/2014,,,7.0607,,
705,SCGLY US Equity,9/30/2014,,,7.1027,24.1394,955.9792
706,SCGLY US Equity,10/31/2014,,,6.7135,,
707,SCGLY US Equity,11/28/2014,,,6.8906,,
708,SCGLY US Equity,12/31/2014,,,5.8317,23.5858,591.3612
709,SCGLY US Equity,1/30/2015,,,5.6348,,
710,SCGLY US Equity,2/27/2015,,,6.4475,,
711,SCGLY US Equity,3/31/2015,,,6.7351,24.3437,1027.0492
712,SCGLY US Equity,4/30/2015,,,6.8815,,
713,SCGLY US Equity,5/29/2015,,,6.7427,,
714,SCGLY US Equity,6/30/2015,,,6.7544,24.6,574.7446
715,SCGLY US Equity,7/31/2015,,,7.0237,,
716,SCGLY US Equity,8/31/2015,,,6.9593,,
717,SCGLY US Equity,9/30/2015,,,6.3247,23.7738,816.4228
718,SCGLY US Equity,10/30/2015,,,6.6759,,
719,SCGLY US Equity,11/30/2015,,,6.8595,,
720,SCGLY US Equity,12/31/2015,,,6.6184,22.9713,450.9597
721,SCGLY US Equity,1/29/2016,,,5.4115,,
722,SCGLY US Equity,2/29/2016,,,5.0436,,
723,SCGLY US Equity,3/31/2016,,,5.2934,22.8936,841.1483
724,SCGLY US Equity,4/29/2016,,,5.623,,
725,SCGLY US Equity,5/31/2016,,,6.2543,,
726,SCGLY US Equity,6/30/2016,,,4.8239,24.0744,551.0119
727,SCGLY US Equity,7/29/2016,,,5.1828,,
728,SCGLY US Equity,8/31/2016,,,5.5393,,
729,SCGLY US Equity,9/30/2016,,,5.2197,24.0012,799.6904
730,SCGLY US Equity,10/31/2016,,,5.9109,,
731,SCGLY US Equity,11/30/2016,,,6.4688,,
732,SCGLY US Equity,12/30/2016,,,7.4107,,
733,SCGLY US Equity,12/31/2016,,,,22.6868,379.7553
734,SCGLY US Equity,1/31/2017,,,7.4564,,
735,SCGLY US Equity,2/28/2017,,,6.6875,,
736,SCGLY US Equity,3/31/2017,,,7.6286,22.4194,728.1818
737,SCGLY US Equity,4/28/2017,,,8.3067,,
738,SCGLY US Equity,5/31/2017,,,8.4027,,
739,SCGLY US Equity,6/30/2017,,,8.6904,22.4953,435.4404
740,SCGLY US Equity,7/31/2017,,,9.3888,,
741,SCGLY US Equity,8/31/2017,,,8.8729,,
742,SCGLY US Equity,9/29/2017,,,9.2804,,
743,SCGLY US Equity,9/30/2017,,,,22.3312,703.5494
744,SCGLY US Equity,10/31/2017,,,8.8226,,
745,SCGLY US Equity,11/30/2017,,,7.9938,,
746,SCGLY US Equity,12/29/2017,,,8.1938,,
747,SCGLY US Equity,12/31/2017,,,,21.8414,119.1389
748,SCGLY US Equity,1/31/2018,,,9.1945,,
749,SCGLY US Equity,2/28/2018,,,9.0916,,
750,SCGLY US Equity,3/30/2018,,,8.6197,,
751,SCGLY US Equity,3/31/2018,,,,21.5352,614.8031
752,SCGLY US Equity,4/30/2018,,,8.6258,,
753,SCGLY US Equity,5/31/2018,,,7.1812,,
754,SCGLY US Equity,6/29/2018,,,7.0335,,
755,SCGLY US Equity,6/30/2018,,,,21.8051,116.8253
756,SCGLY US Equity,7/31/2018,,,7.4908,,
757,SCGLY US Equity,8/31/2018,,,6.8497,,
758,SCGLY US Equity,9/28/2018,,,7.1741,,
759,SCGLY US Equity,9/30/2018,,,,21.8448,662.7917
760,SCGLY US Equity,10/31/2018,,,6.1,,
761,SCGLY US Equity,11/30/2018,,,6.0917,,
762,SCGLY US Equity,12/31/2018,,,5.2485,21.5663,132.061
763,SCGLY US Equity,1/31/2019,,,5.1765,,
764,SCGLY US Equity,2/28/2019,,,5.0796,,
765,SCGLY US Equity,3/29/2019,,,4.809,,
766,SCGLY US Equity,3/31/2019,,,,21.7578,678.8866
767,SCGLY US Equity,4/30/2019,,,5.2669,,
768,SCGLY US Equity,5/31/2019,,,4.6133,,
769,SCGLY US Equity,6/28/2019,,,4.571,,
770,SCGLY US Equity,6/30/2019,,,,22.1381,165.9323
771,SCGLY US Equity,7/31/2019,,,4.5563,,
772,SCGLY US Equity,8/30/2019,,,4.6957,,
773,SCGLY US Equity,9/30/2019,,,5.0423,22.1837,721.4568
774,SCGLY US Equity,10/31/2019,,,5.1932,,
775,SCGLY US Equity,11/29/2019,,,5.7432,,
776,SCGLY US Equity,12/31/2019,,,6.3696,21.7509,156.586
777,SCGLY US Equity,1/31/2020,,,5.9076,,
778,SCGLY US Equity,2/28/2020,,,5.0893,,
779,SCGLY US Equity,3/31/2020,,,2.9788,22.7123,768.3255
780,SCGLY US Equity,4/30/2020,,,2.8431,,
781,SCGLY US Equity,5/29/2020,,,2.6862,,
782,SCGLY US Equity,6/30/2020,,,2.9811,24.0269,77.9321
783,SCGLY US Equity,7/31/2020,,,2.7495,,
784,SCGLY US Equity,8/31/2020,,,2.9421,,
785,SCGLY US Equity,9/30/2020,,,2.463,24.1292,724.6614
786,SCGLY US Equity,10/30/2020,,,2.5097,,
787,SCGLY US Equity,11/30/2020,,,3.735,,
788,SCGLY US Equity,12/31/2020,,,3.815,23.9971,146.1996
789,SCGLY US Equity,1/29/2021,,,3.4231,,
790,SCGLY US Equity,2/26/2021,,,4.5332,,
791,SCGLY US Equity,3/31/2021,,,4.8204,23.7949,681.4539
792,SCGLY US Equity,4/30/2021,,,5.215,,
793,SCGLY US Equity,5/31/2021,,,5.9989,,
794,SCGLY US Equity,6/30/2021,,,5.5714,23.764,348.0207
795,SCGLY US Equity,7/30/2021,,,5.5109,,
796,SCGLY US Equity,8/31/2021,,,5.8853,,
797,SCGLY US Equity,9/30/2021,,,5.9072,23.8137,677.11
798,SCGLY US Equity,10/29/2021,,,6.2703,,
799,SCGLY US Equity,11/30/2021,,,5.8718,,
800,SCGLY US Equity,12/31/2021,,,6.45,23.2377,240.5176
801,SCGLY US Equity,1/31/2022,,,6.8777,,
802,SCGLY US Equity,2/28/2022,,,5.3347,,
803,SCGLY US Equity,3/31/2022,,,5.0187,23.4775,570.9427
804,SCGLY US Equity,4/29/2022,,,4.5605,,
805,SCGLY US Equity,5/31/2022,,,5.4093,,
806,SCGLY US Equity,6/30/2022,,,4.3841,24.1335,197.387
807,SCGLY US Equity,7/29/2022,,,4.4198,,
808,SCGLY US Equity,8/31/2022,,,4.3964,,
809,SCGLY US Equity,9/30/2022,,,3.9964,,
810,BAC US Equity,9/30/2003,1.4917,7.4217,25.2262,14.862,239.8018
811,BAC US Equity,10/31/2003,1.4476,7.202,24.4443,,
812,BAC US Equity,11/28/2003,1.4418,7.1735,24.4042,,
813,BAC US Equity,11/30/2003,,,,,
814,BAC US Equity,12/31/2003,3.1611,8.4369,26.2489,14.8152,159.9458
815,BAC US Equity,1/30/2004,3.2016,8.545,26.6061,,
816,BAC US Equity,2/27/2004,3.2197,8.5932,26.8234,,
817,BAC US Equity,2/29/2004,,,,,
818,BAC US Equity,3/31/2004,1.5854,8.0969,26.8221,15.8873,378.8216
819,BAC US Equity,4/30/2004,1.5758,8.0479,26.5944,,
820,BAC US Equity,5/28/2004,,,,,
821,BAC US Equity,5/31/2004,1.6275,8.3119,27.409,,
822,BAC US Equity,6/30/2004,1.1993,8.4156,28.1377,12.8497,201.5456
823,BAC US Equity,7/30/2004,1.2049,8.4544,28.2707,,
824,BAC US Equity,8/27/2004,,,,,
825,BAC US Equity,8/31/2004,1.275,8.9467,29.8367,,
826,BAC US Equity,9/30/2004,1.2082,8.7317,29.1791,11.0029,211.1947
827,BAC US Equity,10/29/2004,1.2489,9.0259,30.1317,,
828,BAC US Equity,11/26/2004,,,,,
829,BAC US Equity,11/30/2004,1.2901,9.3241,31.1351,,
830,BAC US Equity,12/31/2004,1.2928,8.2527,31.9687,11.1249,198.9844
831,BAC US Equity,1/31/2005,1.2758,8.1438,31.4385,,
832,BAC US Equity,2/25/2005,,,,,
833,BAC US Equity,2/28/2005,1.2835,8.193,31.7168,,
834,BAC US Equity,3/31/2005,1.243,7.6037,30.2206,11.7181,257.7899
835,BAC US Equity,4/29/2005,1.2695,7.7658,30.6948,,
836,BAC US Equity,5/27/2005,,,,,
837,BAC US Equity,5/31/2005,1.3056,7.9865,31.8481,,
838,BAC US Equity,6/30/2005,1.2661,7.5432,31.7766,12.3847,265.933
839,BAC US Equity,7/29/2005,1.2103,7.2108,30.3797,,
840,BAC US Equity,8/26/2005,,,,,
841,BAC US Equity,8/31/2005,1.2085,7.2001,30.0154,,
842,BAC US Equity,9/30/2005,1.1729,7.011,29.6277,12.415,292.7384
843,BAC US Equity,10/31/2005,1.2186,7.2841,30.7671,,
844,BAC US Equity,11/25/2005,,,,,
845,BAC US Equity,11/30/2005,1.2923,7.7247,32.6629,,
846,BAC US Equity,12/30/2005,1.2918,7.9575,32.6655,,
847,BAC US Equity,12/31/2005,,,,12.5789,304.4114
848,BAC US Equity,1/31/2006,1.2381,7.6264,31.433,,
849,BAC US Equity,2/24/2006,,,,,
850,BAC US Equity,2/28/2006,1.2834,7.9057,32.5111,,
851,BAC US Equity,3/31/2006,1.1574,7.8623,32.7122,11.5742,254.7966
852,BAC US Equity,4/28/2006,1.2687,8.6185,35.6602,,
853,BAC US Equity,5/26/2006,,,,,
854,BAC US Equity,5/31/2006,1.2428,8.4428,34.9727,,
855,BAC US Equity,6/30/2006,1.2359,8.2709,34.9613,10.9856,310.3026
856,BAC US Equity,7/31/2006,1.324,8.8607,37.2194,,
857,BAC US Equity,8/25/2006,,,,,
858,BAC US Equity,8/31/2006,1.3368,8.9462,37.8006,,
859,BAC US Equity,9/29/2006,1.3281,8.8688,39.2723,,
860,BAC US Equity,9/30/2006,,,,11.1177,312.1185
861,BAC US Equity,10/31/2006,1.3355,8.9185,39.5253,,
862,BAC US Equity,11/24/2006,,,,,
863,BAC US Equity,11/30/2006,1.3489,9.0081,39.8549,,
864,BAC US Equity,12/29/2006,1.329,8.3635,39.5723,,
865,BAC US Equity,12/31/2006,,,,10.9692,285.8226
866,BAC US Equity,1/31/2007,1.3088,8.2366,38.7593,,
867,BAC US Equity,2/23/2007,,,,,
868,BAC US Equity,2/28/2007,1.2794,8.0512,38.025,,
869,BAC US Equity,3/30/2007,1.2827,8.0303,38.0852,,
870,BAC US Equity,3/31/2007,,,,11.2012,325.4405
871,BAC US Equity,4/30/2007,1.2797,8.0114,38.1102,,
872,BAC US Equity,5/25/2007,,,,,
873,BAC US Equity,5/31/2007,1.289,8.0698,38.347,,
874,BAC US Equity,6/29/2007,1.2338,7.6672,36.9573,,
875,BAC US Equity,6/30/2007,,,,11.4627,327.574
876,BAC US Equity,7/31/2007,1.1967,7.4366,36.2189,,
877,BAC US Equity,8/31/2007,1.279,7.9479,38.4743,,
878,BAC US Equity,9/28/2007,1.2637,8.6087,38.4858,,
879,BAC US Equity,9/30/2007,,,,11.6157,321.4353
880,BAC US Equity,10/31/2007,1.2137,8.2679,36.8183,,
881,BAC US Equity,11/30/2007,1.1596,7.8997,35.2951,,
882,BAC US Equity,12/31/2007,0.9986,9.565,31.9413,11.872,342.9889
883,BAC US Equity,1/31/2008,1.0686,10.2349,33.8796,,
884,BAC US Equity,2/29/2008,0.9619,9.2126,31.2048,,
885,BAC US Equity,3/31/2008,0.9589,12.2184,30.2592,12.2682,332.5579
886,BAC US Equity,4/30/2008,0.9496,12.0991,29.8461,,
887,BAC US Equity,5/30/2008,0.8603,10.9614,26.9871,,
888,BAC US Equity,5/31/2008,,,,,
889,BAC US Equity,6/30/2008,0.6177,10.0617,19.5143,12.4427,331.574
890,BAC US Equity,7/31/2008,0.8514,13.868,26.6776,,
891,BAC US Equity,8/29/2008,0.8058,13.1261,25.031,,
892,BAC US Equity,8/31/2008,,,,,
893,BAC US Equity,9/30/2008,0.9579,22.6317,27.6258,12.882,347.3643
894,BAC US Equity,10/31/2008,0.6615,15.6288,19.0919,,
895,BAC US Equity,11/28/2008,0.4447,10.5076,13.082,,
896,BAC US Equity,11/30/2008,,,,,
897,BAC US Equity,12/31/2008,0.4258,9.9882,11.4683,13.21,319.3005
898,BAC US Equity,1/30/2009,0.199,4.6678,5.5541,,
899,BAC US Equity,2/27/2009,0.1195,2.8021,3.6635,,
900,BAC US Equity,3/27/2009,,,,,
901,BAC US Equity,3/31/2009,0.2211,4.7347,5.5784,13.5458,240.3087
902,BAC US Equity,4/30/2009,0.2895,6.1995,7.5948,,
903,BAC US Equity,5/29/2009,0.3654,7.824,9.4261,,
904,BAC US Equity,6/26/2009,,,,,
905,BAC US Equity,6/30/2009,0.4899,12.1646,11.1316,12.6152,199.7574
906,BAC US Equity,7/31/2009,0.5489,13.6298,12.1783,,
907,BAC US Equity,8/31/2009,0.6529,16.2102,14.9018,,
908,BAC US Equity,9/25/2009,,,,,
909,BAC US Equity,9/30/2009,0.6209,19.5779,14.2833,11.3965,184.9765
910,BAC US Equity,10/30/2009,0.535,16.8703,12.5836,,
911,BAC US Equity,11/30/2009,0.5816,18.3398,13.2675,,
912,BAC US Equity,12/31/2009,0.5661,41.8438,12.7885,11.4004,213.0917
913,BAC US Equity,1/29/2010,0.5706,42.1772,12.9183,,
914,BAC US Equity,2/26/2010,0.6262,46.2894,14.0571,,
915,BAC US Equity,3/31/2010,0.7138,42.0847,15.0596,11.2509,255.8943
916,BAC US Equity,4/30/2010,0.713,42.0376,15.0892,,
917,BAC US Equity,5/31/2010,0.6294,37.11,13.4404,,
918,BAC US Equity,6/30/2010,0.5662,76.3022,12.2749,11.012,232.1078
919,BAC US Equity,7/30/2010,0.5532,74.55,11.9091,,
920,BAC US Equity,8/31/2010,0.4909,66.1604,10.4598,,
921,BAC US Equity,9/30/2010,0.5235,23.2371,11.1487,11.0006,220.5735
922,BAC US Equity,10/29/2010,0.4574,20.3046,9.6728,,
923,BAC US Equity,11/30/2010,0.4375,19.4197,9.3665,,
924,BAC US Equity,12/31/2010,0.538,9.3268,11.2778,10.8579,210.85
925,BAC US Equity,1/31/2011,0.5537,9.5995,11.6129,,
926,BAC US Equity,2/28/2011,0.5763,9.991,12.0942,,
927,BAC US Equity,3/31/2011,0.5338,9.7128,11.3054,10.656,210.6992
928,BAC US Equity,4/29/2011,0.4918,8.9477,10.4506,,
929,BAC US Equity,5/31/2011,0.4706,8.5615,9.9351,,
930,BAC US Equity,6/30/2011,0.458,22.9559,9.3016,10.8015,187.5999
931,BAC US Equity,7/29/2011,0.4057,20.3378,8.293,,
932,BAC US Equity,8/31/2011,0.3418,17.1333,6.9625,,
933,BAC US Equity,9/30/2011,0.2498,14.947,5.2576,10.7615,172.7598
934,BAC US Equity,10/31/2011,0.2788,16.681,5.9379,,
935,BAC US Equity,11/30/2011,0.2225,13.3124,4.5215,,
936,BAC US Equity,12/30/2011,0.2354,23.2339,4.6753,,
937,BAC US Equity,12/31/2011,,,,10.2933,141.6969
938,BAC US Equity,1/31/2012,0.3018,29.7946,6.0591,,
939,BAC US Equity,2/29/2012,0.3378,33.3458,6.9023,,
940,BAC US Equity,3/30/2012,0.4109,29.5393,8.0939,,
941,BAC US Equity,3/31/2012,,,,10.1324,149.6849
942,BAC US Equity,4/30/2012,0.3482,25.0328,6.911,,
943,BAC US Equity,5/31/2012,0.316,22.7175,6.158,,
944,BAC US Equity,6/29/2012,0.3461,6.7218,6.8727,,
945,BAC US Equity,6/30/2012,,,,10.0767,140.7166
946,BAC US Equity,7/31/2012,0.3105,6.0315,6.2139,,
947,BAC US Equity,8/31/2012,0.338,6.5656,6.7932,,
948,BAC US Equity,9/28/2012,0.3696,7.693,7.5652,,
949,BAC US Equity,9/30/2012,,,,9.9005,130.552
950,BAC US Equity,10/31/2012,0.3901,8.1199,7.9014,,
951,BAC US Equity,11/30/2012,0.4127,8.5904,8.3865,,
952,BAC US Equity,12/31/2012,0.4902,8.3673,9.8384,9.9906,136.6465
953,BAC US Equity,1/31/2013,0.4779,8.1583,9.6447,,
954,BAC US Equity,2/28/2013,0.4746,8.1007,9.6508,,
955,BAC US Equity,3/29/2013,0.5161,9.7652,10.4118,,
956,BAC US Equity,3/31/2013,,,,10.0407,137.4427
957,BAC US Equity,4/30/2013,0.5216,9.8694,10.5142,,
958,BAC US Equity,5/31/2013,0.5788,10.9518,11.8458,,
959,BAC US Equity,6/28/2013,0.5456,9.5329,11.0463,,
960,BAC US Equity,6/30/2013,,,,9.8739,124.6702
961,BAC US Equity,7/31/2013,0.6194,10.8228,12.5927,,
962,BAC US Equity,8/30/2013,0.599,10.467,12.1057,,
963,BAC US Equity,9/30/2013,0.5768,9.5063,11.8307,9.7531,110.8127
964,BAC US Equity,10/31/2013,0.5839,9.6234,12.0426,,
965,BAC US Equity,11/29/2013,0.6612,10.8978,13.588,,
966,BAC US Equity,12/31/2013,0.6446,9.9208,13.3361,9.6485,104.8877
967,BAC US Equity,1/31/2014,0.6934,10.6726,14.3921,,
968,BAC US Equity,2/28/2014,0.6843,10.5325,14.1638,,
969,BAC US Equity,3/31/2014,0.7109,10.2482,14.7533,9.711,94.2873
970,BAC US Equity,4/30/2014,0.6258,9.0208,13.0191,,
971,BAC US Equity,5/30/2014,0.6258,9.0208,12.9851,,
972,BAC US Equity,6/30/2014,0.6233,8.725,13.1962,9.7946,91.8748
973,BAC US Equity,7/31/2014,0.6184,8.6568,13.1755,,
974,BAC US Equity,8/29/2014,0.6525,9.1337,13.7931,,
975,BAC US Equity,9/30/2014,0.6992,9.2389,14.6832,9.6861,91.4836
976,BAC US Equity,10/31/2014,0.7037,9.2985,14.7704,,
977,BAC US Equity,11/28/2014,0.6988,9.2335,14.7039,,
978,BAC US Equity,12/31/2014,0.7247,10.7178,15.5446,9.5029,87.0157
979,BAC US Equity,1/30/2015,0.6137,9.0763,13.1676,,
980,BAC US Equity,2/27/2015,0.6405,9.4717,13.6212,,
981,BAC US Equity,3/31/2015,0.6153,9.5718,13.3688,9.3968,69.1512
982,BAC US Equity,4/30/2015,0.6369,9.9076,13.7931,,
983,BAC US Equity,5/29/2015,0.6597,10.2622,14.3185,,
984,BAC US Equity,6/30/2015,0.675,10.3584,14.7631,9.3868,78.4887
985,BAC US Equity,7/31/2015,0.7091,10.8818,15.5982,,
986,BAC US Equity,8/31/2015,0.6481,9.9445,14.1578,,
987,BAC US Equity,9/30/2015,0.6061,9.3806,13.4953,9.2913,63.1891
988,BAC US Equity,10/30/2015,0.6527,10.1031,14.7187,,
989,BAC US Equity,11/30/2015,0.678,10.4945,15.2267,,
990,BAC US Equity,12/31/2015,0.6528,10.2193,14.8062,9.1914,57.2017
991,BAC US Equity,1/29/2016,0.5485,8.5859,12.1225,,
992,BAC US Equity,2/29/2016,0.4856,7.6022,11.0595,,
993,BAC US Equity,3/31/2016,0.513,8.2451,11.9079,9.1667,45.6902
994,BAC US Equity,4/29/2016,0.5525,8.8794,12.7861,,
995,BAC US Equity,5/31/2016,0.5612,9.0196,13.0463,,
996,BAC US Equity,6/30/2016,0.4935,8.2122,11.6304,9.1032,45.872
997,BAC US Equity,7/29/2016,0.5389,8.9672,12.815,,
998,BAC US Equity,8/31/2016,0.603,10.0347,14.2011,,
999,BAC US Equity,9/30/2016,0.5723,9.4668,13.768,9.0031,50.5282
1000,BAC US Equity,10/31/2016,0.6033,9.981,14.6955,,
1001,BAC US Equity,11/30/2016,0.7752,12.8231,18.6074,,
1002,BAC US Equity,12/30/2016,0.8184,12.4583,19.6315,,
1003,BAC US Equity,12/31/2016,,,,9.0223,44.4283
1004,BAC US Equity,1/31/2017,0.8384,12.7627,20.1485,,
1005,BAC US Equity,2/28/2017,0.914,13.9127,21.8245,,
1006,BAC US Equity,3/31/2017,0.8624,11.9681,21.1735,9.1666,51.5389
1007,BAC US Equity,4/28/2017,0.8533,11.8413,20.9,,
1008,BAC US Equity,5/31/2017,0.822,11.4068,19.9179,,
1009,BAC US Equity,6/30/2017,0.8711,11.9696,21.758,9.2127,54.8735
1010,BAC US Equity,7/31/2017,0.8661,11.9005,21.6023,,
1011,BAC US Equity,8/31/2017,0.8622,11.8473,21.467,,
1012,BAC US Equity,9/29/2017,0.9512,12.3117,22.796,,
1013,BAC US Equity,9/30/2017,,,,9.1518,50.8264
1014,BAC US Equity,10/31/2017,1.0282,13.3077,24.6804,,
1015,BAC US Equity,11/30/2017,1.062,13.745,25.6127,,
1016,BAC US Equity,12/29/2017,1.1185,13.8347,26.7203,,
1017,BAC US Equity,12/31/2017,,,,9.2232,51.2027
1018,BAC US Equity,1/31/2018,1.2125,14.997,28.9566,,
1019,BAC US Equity,2/28/2018,1.2163,15.0439,29.2221,,
1020,BAC US Equity,3/30/2018,1.1435,13.0882,26.9627,,
1021,BAC US Equity,3/31/2018,,,,9.4777,34.6081
1022,BAC US Equity,4/30/2018,1.1409,13.0577,27.2902,,
1023,BAC US Equity,5/31/2018,1.1118,12.7254,26.3801,,
1024,BAC US Equity,6/29/2018,1.0642,11.4721,26.0448,,
1025,BAC US Equity,6/30/2018,,,,9.5737,47.7833
1026,BAC US Equity,7/31/2018,1.1658,12.5668,28.1781,,
1027,BAC US Equity,8/31/2018,1.1677,12.5871,28.0133,,
1028,BAC US Equity,9/28/2018,1.1058,11.0342,27.001,,
1029,BAC US Equity,9/30/2018,,,,9.6295,31.9422
1030,BAC US Equity,10/31/2018,1.0323,10.3001,25.1732,,
1031,BAC US Equity,11/30/2018,1.0661,10.6372,25.8602,,
1032,BAC US Equity,12/31/2018,0.9004,8.4841,22.5643,9.7205,22.1268
1033,BAC US Equity,1/31/2019,1.0403,9.8029,26.0193,,
1034,BAC US Equity,2/28/2019,1.068,10.064,26.9987,,
1035,BAC US Equity,3/29/2019,0.9958,9.2392,25.3875,,
1036,BAC US Equity,3/31/2019,,,,9.7023,30.9378
1037,BAC US Equity,4/30/2019,1.1038,10.2405,28.2248,,
1038,BAC US Equity,5/31/2019,0.9601,8.9077,24.6186,,
1039,BAC US Equity,6/28/2019,1.0191,9.4165,26.9173,,
1040,BAC US Equity,6/30/2019,,,,9.7131,45.8457
1041,BAC US Equity,7/31/2019,1.0781,9.962,28.5756,,
1042,BAC US Equity,8/30/2019,0.9667,8.9327,25.5393,,
1043,BAC US Equity,9/30/2019,1.0107,9.9272,27.3083,9.8112,47.9457
1044,BAC US Equity,10/31/2019,1.0834,10.6419,29.0606,,
1045,BAC US Equity,11/29/2019,1.1544,11.3396,31.1889,,
1046,BAC US Equity,12/31/2019,1.1854,11.8711,32.9804,9.9969,30.3142
1047,BAC US Equity,1/31/2020,1.1049,11.0655,30.8897,,
1048,BAC US Equity,2/28/2020,0.9592,9.6061,26.449,,
1049,BAC US Equity,3/31/2020,0.7209,8.1946,20.4695,10.466,-11.5575
1050,BAC US Equity,4/30/2020,0.8166,9.2831,22.7717,,
1051,BAC US Equity,5/29/2020,0.819,9.3102,22.9686,,
1052,BAC US Equity,6/30/2020,0.8086,10.7879,22.5095,11.0846,-77.9349
1053,BAC US Equity,7/31/2020,0.8471,11.3011,23.4981,,
1054,BAC US Equity,8/31/2020,0.8764,11.6918,24.5752,,
1055,BAC US Equity,9/30/2020,0.8148,10.9406,23.0851,11.2382,-31.1717
1056,BAC US Equity,10/30/2020,0.8016,10.7635,22.5297,,
1057,BAC US Equity,11/30/2020,0.9525,12.789,27.237,,
1058,BAC US Equity,12/31/2020,1.0179,14.9513,29.0905,11.2549,-57.4134
1059,BAC US Equity,1/29/2021,0.9958,14.6257,28.8156,,
1060,BAC US Equity,2/26/2021,1.1657,17.1217,33.8103,,
1061,BAC US Equity,3/31/2021,1.29,15.3507,37.554,11.6235,-6.5478
1062,BAC US Equity,4/30/2021,1.3514,16.0807,39.3641,,
1063,BAC US Equity,5/31/2021,1.4134,16.8187,41.0145,,
1064,BAC US Equity,6/30/2021,1.3425,13.024,40.0634,11.9197,30.3588
1065,BAC US Equity,7/30/2021,1.2491,12.1174,37.3471,,
1066,BAC US Equity,8/31/2021,1.3595,13.1883,40.6896,,
1067,BAC US Equity,9/30/2021,1.3743,12.3496,41.7444,12.165,25.7788
1068,BAC US Equity,10/29/2021,1.5469,13.9002,46.8008,,
1069,BAC US Equity,11/30/2021,1.4397,12.9372,43.6967,,
1070,BAC US Equity,12/31/2021,1.4398,12.22,43.726,12.6521,0.6154
1071,BAC US Equity,1/31/2022,1.4932,12.6732,45.1859,,
1072,BAC US Equity,2/28/2022,1.4304,12.1404,43.2012,,
1073,BAC US Equity,3/31/2022,1.3707,11.5696,41.2572,13.2162,20.1109
1074,BAC US Equity,4/29/2022,1.1865,10.0146,35.6107,,
1075,BAC US Equity,5/31/2022,1.237,10.4413,36.7385,,
1076,BAC US Equity,6/30/2022,1.0355,9.4411,30.8977,13.2436,47.5327
1077,BAC US Equity,7/29/2022,1.1246,10.2538,33.5169,,
1078,BAC US Equity,8/31/2022,1.118,10.1932,33.6624,,
1079,BAC US Equity,9/30/2022,1.0112,9.2194,30.5332,,
1080,GS US Equity,9/30/2003,1.5541,13.0977,64.9814,,
1081,GS US Equity,10/31/2003,1.7443,14.7013,73.1044,,
1082,GS US Equity,11/28/2003,1.7077,12.7066,74.7447,18.967,958.1329
1083,GS US Equity,11/30/2003,,,,,
1084,GS US Equity,12/31/2003,1.7548,13.0571,76.4922,,
1085,GS US Equity,1/30/2004,1.7737,13.1983,77.338,,
1086,GS US Equity,2/27/2004,1.8074,11.634,82.7469,19.3103,1030.7832
1087,GS US Equity,2/29/2004,,,,,
1088,GS US Equity,3/31/2004,1.7815,11.4669,80.9512,,
1089,GS US Equity,4/30/2004,1.6558,10.658,75.9323,,
1090,GS US Equity,5/28/2004,,,,20.0764,995.0417
1091,GS US Equity,5/31/2004,1.5372,9.1197,72.8664,,
1092,GS US Equity,6/30/2004,1.5413,9.144,73.2971,,
1093,GS US Equity,7/30/2004,1.4477,8.5887,69.0508,,
1094,GS US Equity,8/27/2004,,,,20.4562,1037.4866
1095,GS US Equity,8/31/2004,1.4565,8.2964,69.6853,,
1096,GS US Equity,9/30/2004,1.5148,8.6286,72.6671,,
1097,GS US Equity,10/29/2004,1.6026,9.129,76.7607,,
1098,GS US Equity,11/26/2004,,,,20.9509,1020.3548
1099,GS US Equity,11/30/2004,1.5734,9.2082,82.1985,,
1100,GS US Equity,12/31/2004,1.5626,9.1449,81.8347,,
1101,GS US Equity,1/31/2005,1.6238,9.5028,84.457,,
1102,GS US Equity,2/25/2005,,,,22.0418,1249.77
1103,GS US Equity,2/28/2005,1.5671,9.1354,85.6845,,
1104,GS US Equity,3/31/2005,1.5842,9.2353,86.1662,,
1105,GS US Equity,4/29/2005,1.5418,8.988,83.1883,,
1106,GS US Equity,5/27/2005,,,,23.6006,1214.402
1107,GS US Equity,5/31/2005,1.4352,8.7688,75.9007,,
1108,GS US Equity,6/30/2005,1.5017,9.1753,80.8752,,
1109,GS US Equity,7/29/2005,1.5858,9.6887,85.4885,,
1110,GS US Equity,8/26/2005,,,,25.125,1332.0431
1111,GS US Equity,8/31/2005,1.5832,8.5473,87.2298,,
1112,GS US Equity,9/30/2005,1.7313,9.3468,95.7032,,
1113,GS US Equity,10/31/2005,1.8032,9.7351,100.0219,,
1114,GS US Equity,11/25/2005,,,,26.4124,1343.0597
1115,GS US Equity,11/30/2005,1.7876,9.0604,102.4698,,
1116,GS US Equity,12/30/2005,1.7703,8.9726,100.7761,,
1117,GS US Equity,12/31/2005,,,,,
1118,GS US Equity,1/31/2006,1.9616,9.9424,110.9714,,
1119,GS US Equity,2/24/2006,,,,27.4374,512.5039
1120,GS US Equity,2/28/2006,1.7762,8.3558,112.7023,,
1121,GS US Equity,3/31/2006,1.9732,9.2825,124.5341,,
1122,GS US Equity,4/28/2006,2.0193,9.4992,127.6903,,
1123,GS US Equity,5/26/2006,,,,27.636,497.7341
1124,GS US Equity,5/31/2006,1.7685,7.2772,119.5774,,
1125,GS US Equity,6/30/2006,1.7624,7.2521,119.7197,,
1126,GS US Equity,7/31/2006,1.7939,7.3817,121.4436,,
1127,GS US Equity,8/25/2006,,,,26.8017,417.1524
1128,GS US Equity,8/31/2006,1.6686,7.1792,117.8897,,
1129,GS US Equity,9/29/2006,1.899,8.1703,135.4367,,
1130,GS US Equity,9/30/2006,,,,,
1131,GS US Equity,10/31/2006,2.1345,9.1837,151.3457,,
1132,GS US Equity,11/24/2006,,,,25.9438,604.7774
1133,GS US Equity,11/30/2006,1.96,7.8767,155.1798,,
1134,GS US Equity,12/29/2006,2.0058,8.0606,160.0606,,
1135,GS US Equity,12/31/2006,,,,,
1136,GS US Equity,1/31/2007,2.1383,8.5929,167.5553,,
1137,GS US Equity,2/23/2007,,,,26.4418,625.2435
1138,GS US Equity,2/28/2007,1.9599,7.5613,160.6261,,
1139,GS US Equity,3/30/2007,2.0073,7.7442,165.2165,,
1140,GS US Equity,3/31/2007,,,,,
1141,GS US Equity,4/30/2007,2.1271,8.2063,177.1885,,
1142,GS US Equity,5/25/2007,,,,26.938,662.2308
1143,GS US Equity,5/31/2007,2.1279,8.6041,185.126,,
1144,GS US Equity,6/29/2007,1.9982,8.0796,173.4397,,
1145,GS US Equity,6/30/2007,,,,,
1146,GS US Equity,7/31/2007,1.7394,7.0332,154.8395,,
1147,GS US Equity,8/31/2007,1.5561,5.7971,141.0075,27.8658,670.4737
1148,GS US Equity,9/28/2007,1.9162,7.1386,173.879,,
1149,GS US Equity,9/30/2007,,,,,
1150,GS US Equity,10/31/2007,2.1953,8.1783,197.1362,,
1151,GS US Equity,11/30/2007,2.0106,7.3494,183.3307,28.6005,475.8035
1152,GS US Equity,12/31/2007,1.9078,6.9735,171.2255,,
1153,GS US Equity,1/31/2008,1.7734,6.4823,159.661,,
1154,GS US Equity,2/29/2008,1.4747,6.4003,138.5747,29.1409,435.599
1155,GS US Equity,3/31/2008,1.4378,6.2403,133.5411,,
1156,GS US Equity,4/30/2008,1.6668,7.234,154.7448,,
1157,GS US Equity,5/30/2008,1.4569,6.7799,142.5919,28.0275,224.983
1158,GS US Equity,5/31/2008,,,,,
1159,GS US Equity,6/30/2008,1.4444,6.7219,141.5193,,
1160,GS US Equity,7/31/2008,1.5229,7.0869,148.5624,,
1161,GS US Equity,8/29/2008,1.3322,7.9543,131.5459,25.7658,158.208
1162,GS US Equity,8/31/2008,,,,,
1163,GS US Equity,9/30/2008,1.0399,6.2093,102.9151,,
1164,GS US Equity,10/31/2008,0.7538,4.5009,73.3058,,
1165,GS US Equity,11/28/2008,0.6477,13.7458,63.5839,21.752,133.0213
1166,GS US Equity,11/30/2008,,,,,
1167,GS US Equity,12/31/2008,0.692,14.6855,68.1981,,
1168,GS US Equity,1/30/2009,0.662,14.0486,66.3445,,
1169,GS US Equity,2/27/2009,0.751,15.9362,74.1502,,
1170,GS US Equity,3/27/2009,,,,19.0622,139.2143
1171,GS US Equity,3/31/2009,0.8476,16.9366,86.1423,,
1172,GS US Equity,4/30/2009,1.0273,20.5278,103.8815,,
1173,GS US Equity,5/29/2009,1.1587,23.1544,116.8594,,
1174,GS US Equity,6/26/2009,,,,17.6365,189.9531
1175,GS US Equity,6/30/2009,1.0997,20.6416,120.2318,,
1176,GS US Equity,7/31/2009,1.218,22.862,132.8266,,
1177,GS US Equity,8/31/2009,1.2368,23.2145,133.4944,,
1178,GS US Equity,9/25/2009,,,,15.5071,158.678
1179,GS US Equity,9/30/2009,1.324,15.6704,150.297,,
1180,GS US Equity,10/30/2009,1.2221,14.465,141.1893,,
1181,GS US Equity,11/30/2009,1.2211,14.4525,137.1684,,
1182,GS US Equity,12/31/2009,1.1175,5.9794,138.4077,14.1717,134.0026
1183,GS US Equity,1/29/2010,0.9843,5.2669,124.0755,,
1184,GS US Equity,2/26/2010,1.0371,5.5495,128.3717,,
1185,GS US Equity,3/31/2010,1.0917,5.6124,140.1756,13.3299,146.295
1186,GS US Equity,4/30/2010,0.929,4.7759,120.9163,,
1187,GS US Equity,5/31/2010,0.9253,4.7569,119.0549,,
1188,GS US Equity,6/30/2010,0.833,5.0629,109.0084,13.2761,142.9106
1189,GS US Equity,7/30/2010,0.9571,5.8169,125.0623,,
1190,GS US Equity,8/31/2010,0.8711,5.2945,113.1138,,
1191,GS US Equity,9/30/2010,0.8883,6.2877,119.9843,13.2181,149.9745
1192,GS US Equity,10/29/2010,0.99,7.0074,133.8615,,
1193,GS US Equity,11/30/2010,0.9614,6.8054,130.2149,,
1194,GS US Equity,12/31/2010,1.0803,9.5507,139.0157,13.0843,164.8348
1195,GS US Equity,1/31/2011,1.0512,9.2928,134.7287,,
1196,GS US Equity,2/28/2011,1.0544,9.3217,136.2296,,
1197,GS US Equity,3/31/2011,0.9813,10.3318,131.8189,13.1977,215.8594
1198,GS US Equity,4/29/2011,0.9344,9.8373,125.0909,,
1199,GS US Equity,5/31/2011,0.873,9.1913,117.084,,
1200,GS US Equity,6/30/2011,0.8109,8.6282,110.3572,13.4911,219.6892
1201,GS US Equity,7/29/2011,0.8223,8.7501,112.391,,
1202,GS US Equity,8/31/2011,0.7102,7.5573,96.9198,,
1203,GS US Equity,9/30/2011,0.5795,9.5482,79.9903,13.8415,194.3728
1204,GS US Equity,10/31/2011,0.6714,11.063,92.8196,,
1205,GS US Equity,11/30/2011,0.5898,9.7179,78.4372,,
1206,GS US Equity,12/30/2011,0.5459,12.5968,75.8189,,
1207,GS US Equity,12/31/2011,,,,13.9434,173.6346
1208,GS US Equity,1/31/2012,0.6729,15.5276,92.9467,,
1209,GS US Equity,2/29/2012,0.6972,16.0873,97.536,,
1210,GS US Equity,3/30/2012,0.7761,15.4537,104.3237,,
1211,GS US Equity,3/31/2012,,,,13.7973,179.3217
1212,GS US Equity,4/30/2012,0.7185,14.308,96.3286,,
1213,GS US Equity,5/31/2012,0.6,11.9481,80.379,,
1214,GS US Equity,6/29/2012,0.59,11.7545,80.4823,,
1215,GS US Equity,6/30/2012,,,,13.91,172.07
1216,GS US Equity,7/31/2012,0.621,12.3725,85.1532,,
1217,GS US Equity,8/31/2012,0.6535,13.0205,89.7001,,
1218,GS US Equity,9/28/2012,0.6848,8.2111,96.5802,,
1219,GS US Equity,9/30/2012,,,,13.9197,196.1467
1220,GS US Equity,10/31/2012,0.7373,8.8402,103.2411,,
1221,GS US Equity,11/30/2012,0.7126,8.5441,100.5275,,
1222,GS US Equity,12/31/2012,0.7259,7.0066,107.4719,13.694,209.6387
1223,GS US Equity,1/31/2013,0.8414,8.1217,125.2227,,
1224,GS US Equity,2/28/2013,0.8551,8.254,128.8289,,
1225,GS US Equity,3/29/2013,0.8146,8.0492,126.1245,,
1226,GS US Equity,3/31/2013,,,,13.5031,164.7592
1227,GS US Equity,4/30/2013,0.8086,7.9902,124.4144,,
1228,GS US Equity,5/31/2013,0.9001,8.8939,140.4283,,
1229,GS US Equity,6/28/2013,0.8233,7.3959,129.8044,,
1230,GS US Equity,6/30/2013,,,,13.3761,144.0613
1231,GS US Equity,7/31/2013,0.8929,8.0208,141.0178,,
1232,GS US Equity,8/30/2013,0.8308,7.4633,130.9826,,
1233,GS US Equity,9/30/2013,0.8519,7.9235,135.7753,13.1792,117.7407
1234,GS US Equity,10/31/2013,0.8662,8.0562,139.0453,,
1235,GS US Equity,11/29/2013,0.9127,8.4886,145.9992,,
1236,GS US Equity,12/31/2013,1.0017,8.9189,152.5714,12.9495,139.124
1237,GS US Equity,1/31/2014,0.9275,8.2578,141.8399,,
1238,GS US Equity,2/28/2014,0.9438,8.4033,143.9155,,
1239,GS US Equity,3/31/2014,0.8827,8.3565,141.4127,12.7626,134.0153
1240,GS US Equity,4/30/2014,0.861,8.151,137.8043,,
1241,GS US Equity,5/30/2014,0.8639,8.1783,138.5918,,
1242,GS US Equity,6/30/2014,0.8839,8.2021,145.0584,12.3024,139.0276
1243,GS US Equity,7/31/2014,0.9126,8.4681,150.9093,,
1244,GS US Equity,8/29/2014,0.9484,8.801,155.6067,,
1245,GS US Equity,9/30/2014,0.9525,8.4074,159.8914,11.8818,98.1178
1246,GS US Equity,10/31/2014,0.9858,8.7014,164.9459,,
1247,GS US Equity,11/28/2014,0.9808,8.6566,164.6942,,
1248,GS US Equity,12/31/2014,0.9892,9.3874,170.3205,11.7621,69.8886
1249,GS US Equity,1/30/2015,0.8799,8.35,151.5268,,
1250,GS US Equity,2/27/2015,0.9716,9.2206,167.158,,
1251,GS US Equity,3/31/2015,0.9368,8.2367,165.4671,11.5145,70.9268
1252,GS US Equity,4/30/2015,0.9789,8.607,172.7215,,
1253,GS US Equity,5/29/2015,1.0308,9.0633,181.4645,,
1254,GS US Equity,6/30/2015,1.0382,9.2165,183.6315,11.3225,60.7388
1255,GS US Equity,7/31/2015,1.0197,9.0523,180.724,,
1256,GS US Equity,8/31/2015,0.941,8.354,166.4875,,
1257,GS US Equity,9/30/2015,0.8567,8.1983,153.1253,11.3786,57.7604
1258,GS US Equity,10/30/2015,0.9244,8.8466,165.999,,
1259,GS US Equity,11/30/2015,0.9401,8.9962,168.1106,,
1260,GS US Equity,12/31/2015,0.8854,8.7368,160.1846,11.4579,1.311
1261,GS US Equity,1/29/2016,0.7937,7.8318,141.5326,,
1262,GS US Equity,2/29/2016,0.7378,7.2801,132.6472,,
1263,GS US Equity,3/31/2016,0.7699,9.4717,139.4756,11.5071,29.3967
1264,GS US Equity,4/29/2016,0.8049,9.9019,145.3661,,
1265,GS US Equity,5/31/2016,0.7854,9.662,142.5597,,
1266,GS US Equity,6/30/2016,0.7155,9.3727,131.615,11.7584,14.3993
1267,GS US Equity,7/29/2016,0.7648,10.0181,141.9634,,
1268,GS US Equity,8/31/2016,0.8193,10.7317,151.3698,,
1269,GS US Equity,9/30/2016,0.7595,9.1075,144.0632,11.7501,40.4395
1270,GS US Equity,10/31/2016,0.8394,10.0659,159.5039,,
1271,GS US Equity,11/30/2016,1.0359,12.4225,196.6605,,
1272,GS US Equity,12/30/2016,1.1157,12.6868,214.9725,,
1273,GS US Equity,12/31/2016,,,,11.4788,-22.8744
1274,GS US Equity,1/31/2017,1.0685,12.1501,206.4814,,
1275,GS US Equity,2/28/2017,1.1589,13.1773,223.0617,,
1276,GS US Equity,3/31/2017,1.0787,10.595,206.9316,11.5864,15.5488
1277,GS US Equity,4/28/2017,1.0509,10.3219,202.7615,,
1278,GS US Equity,5/31/2017,0.9954,9.7764,191.3263,,
1279,GS US Equity,6/30/2017,1.0314,10.3172,201.62,11.9097,55.9354
1280,GS US Equity,7/31/2017,1.0473,10.4767,203.0293,,
1281,GS US Equity,8/31/2017,1.0435,10.4383,202.8848,,
1282,GS US Equity,9/29/2017,1.0858,11.0095,214.7121,,
1283,GS US Equity,9/30/2017,,,,12.1987,55.5434
1284,GS US Equity,10/31/2017,1.11,11.2551,219.908,,
1285,GS US Equity,11/30/2017,1.1372,11.5307,225.2199,,
1286,GS US Equity,12/29/2017,1.2338,11.5664,231.9198,,
1287,GS US Equity,12/31/2017,,,,12.6954,56.1239
1288,GS US Equity,1/31/2018,1.2974,12.1626,244.2976,,
1289,GS US Equity,2/28/2018,1.277,11.9709,242.6406,,
1290,GS US Equity,3/30/2018,1.1989,10.583,228.7598,,
1291,GS US Equity,3/31/2018,,,,13.2406,96.2996
1292,GS US Equity,4/30/2018,1.1345,10.0145,218.6684,,
1293,GS US Equity,5/31/2018,1.079,9.5249,206.4299,,
1294,GS US Equity,6/29/2018,1.0119,8.3532,203.8155,,
1295,GS US Equity,6/30/2018,,,,13.1428,71.6256
1296,GS US Equity,7/31/2018,1.0892,8.9917,217.4738,,
1297,GS US Equity,8/31/2018,1.0946,9.0359,218.7063,,
1298,GS US Equity,9/28/2018,1.0159,8.0204,206.7456,,
1299,GS US Equity,9/30/2018,,,,12.7574,74.7422
1300,GS US Equity,10/31/2018,1.021,8.0609,207.6904,,
1301,GS US Equity,11/30/2018,0.8674,6.8481,175.1354,,
1302,GS US Equity,12/31/2018,0.7172,5.9799,152.9928,12.2232,41.9449
1303,GS US Equity,1/31/2019,0.8501,7.0882,182.8987,,
1304,GS US Equity,2/28/2019,0.8479,7.0697,182.2532,,
1305,GS US Equity,3/29/2019,0.8245,7.2529,177.6993,,
1306,GS US Equity,3/31/2019,,,,11.7502,73.5763
1307,GS US Equity,4/30/2019,0.8843,7.7791,190.5912,,
1308,GS US Equity,5/31/2019,0.7872,6.9251,170.4766,,
1309,GS US Equity,6/28/2019,0.8609,7.87,190.0548,,
1310,GS US Equity,6/30/2019,,,,11.7804,78.5459
1311,GS US Equity,7/31/2019,0.9262,8.4674,205.1292,,
1312,GS US Equity,8/30/2019,0.8634,7.8927,191.0643,,
1313,GS US Equity,9/30/2019,0.858,8.6148,194.2223,12.1635,116.3074
1314,GS US Equity,10/31/2019,0.8834,8.8705,199.1269,,
1315,GS US Equity,11/29/2019,0.9216,9.2537,208.339,,
1316,GS US Equity,12/31/2019,0.9507,9.1465,216.0587,12.5119,132.378
1317,GS US Equity,1/31/2020,0.983,9.4576,225.2035,,
1318,GS US Equity,2/28/2020,0.8352,8.0353,187.9576,,
1319,GS US Equity,3/31/2020,0.62,6.845,148.0323,12.9977,137.1188
1320,GS US Equity,4/30/2020,0.7357,8.1216,174.6066,,
1321,GS US Equity,5/29/2020,0.793,8.7547,188.0261,,
1322,GS US Equity,6/30/2020,0.8499,8.3445,187.4031,13.9453,111.9373
1323,GS US Equity,7/31/2020,0.8513,8.3589,188.4568,,
1324,GS US Equity,8/31/2020,0.8864,8.7031,196.4956,,
1325,GS US Equity,9/30/2020,0.8138,7.0779,192.899,14.1857,141.7744
1326,GS US Equity,10/30/2020,0.7655,6.6577,179.9722,,
1327,GS US Equity,11/30/2020,0.9337,8.1207,221.821,,
1328,GS US Equity,12/31/2020,1.0321,7.8649,252.8628,13.8112,137.2378
1329,GS US Equity,1/29/2021,1.0613,8.0874,263.0889,,
1330,GS US Equity,2/26/2021,1.2504,9.5282,310.0805,,
1331,GS US Equity,3/31/2021,1.2161,6.6518,317.0081,14.2305,110.1194
1332,GS US Equity,4/30/2021,1.2959,7.0882,337.6952,,
1333,GS US Equity,5/31/2021,1.3882,7.5932,360.7228,,
1334,GS US Equity,6/30/2021,1.3408,6.5845,366.8293,14.8468,78.6888
1335,GS US Equity,7/30/2021,1.3243,6.5038,364.552,,
1336,GS US Equity,8/31/2021,1.4679,7.2089,402.901,,
1337,GS US Equity,9/30/2021,1.2815,6.0001,370.7285,14.9772,58.1493
1338,GS US Equity,10/29/2021,1.4012,6.5607,403.2387,,
1339,GS US Equity,11/30/2021,1.2915,6.0471,371.5038,,
1340,GS US Equity,12/31/2021,1.2612,6.196,375.3205,14.8656,16.5821
1341,GS US Equity,1/31/2022,1.1694,5.7446,345.0385,,
1342,GS US Equity,2/28/2022,1.1252,5.5278,334.0835,,
1343,GS US Equity,3/31/2022,1.0697,6.164,327.3205,14.9855,-10.4079
1344,GS US Equity,4/29/2022,0.9899,5.7044,304.9738,,
1345,GS US Equity,5/31/2022,1.0656,6.1407,324.4975,,
1346,GS US Equity,6/30/2022,0.9407,6.5168,294.5177,15.0713,-5.2931
1347,GS US Equity,7/29/2022,1.0558,7.3148,330.8432,,
1348,GS US Equity,8/31/2022,1.0615,7.3541,332.6716,,
1349,GS US Equity,9/30/2022,0.9351,6.4782,294.9816,,
1350,JPM US Equity,9/30/2003,0.9375,7.3471,20.1678,18.178,582.4366
1351,JPM US Equity,10/31/2003,0.9899,7.7577,21.3807,,
1352,JPM US Equity,11/28/2003,0.9761,7.6496,21.0311,,
1353,JPM US Equity,11/30/2003,,,,,
1354,JPM US Equity,12/31/2003,0.9876,6.6545,21.827,17.5503,378.4352
1355,JPM US Equity,1/30/2004,1.0554,7.1117,23.374,,
1356,JPM US Equity,2/27/2004,1.1132,7.5012,24.5868,,
1357,JPM US Equity,2/29/2004,,,,,
1358,JPM US Equity,3/31/2004,1.1123,7.1686,25.1814,17.0429,494.7964
1359,JPM US Equity,4/30/2004,1.005,6.4774,22.8447,,
1360,JPM US Equity,5/28/2004,,,,,
1361,JPM US Equity,5/31/2004,0.9847,6.3464,22.262,,
1362,JPM US Equity,6/30/2004,1.0891,6.8148,23.3549,17.5915,446.6511
1363,JPM US Equity,7/30/2004,1.058,6.6198,22.6758,,
1364,JPM US Equity,8/27/2004,,,,,
1365,JPM US Equity,8/31/2004,1.1217,7.0187,23.9639,,
1366,JPM US Equity,9/30/2004,0.8239,7.4344,24.171,13.0611,290.5529
1367,JPM US Equity,10/29/2004,0.8073,7.2843,23.6035,,
1368,JPM US Equity,11/26/2004,,,,,
1369,JPM US Equity,11/30/2004,0.7874,7.105,22.973,,
1370,JPM US Equity,12/31/2004,0.8104,7.9731,24.0126,10.9238,280.3659
1371,JPM US Equity,1/31/2005,0.7823,7.6966,23.1573,,
1372,JPM US Equity,2/25/2005,,,,,
1373,JPM US Equity,2/28/2005,0.7659,7.5358,22.781,,
1374,JPM US Equity,3/31/2005,0.7209,7.4043,21.5342,11.105,270.2943
1375,JPM US Equity,4/29/2005,0.7469,7.6709,22.0767,,
1376,JPM US Equity,5/27/2005,,,,,
1377,JPM US Equity,5/31/2005,0.7523,7.7271,22.443,,
1378,JPM US Equity,6/30/2005,0.7392,8.2301,22.2951,11.1754,264.9684
1379,JPM US Equity,7/29/2005,0.7426,8.2678,22.3284,,
1380,JPM US Equity,8/26/2005,,,,,
1381,JPM US Equity,8/31/2005,0.7161,7.9737,21.3225,,
1382,JPM US Equity,9/30/2005,0.7098,7.5882,21.5006,11.4826,298.5142
1383,JPM US Equity,10/31/2005,0.7738,8.2722,23.4037,,
1384,JPM US Equity,11/25/2005,,,,,
1385,JPM US Equity,11/30/2005,0.8082,8.6404,24.6843,,
1386,JPM US Equity,12/30/2005,0.8262,8.6894,25.3421,,
1387,JPM US Equity,12/31/2005,,,,11.514,199.7883
1388,JPM US Equity,1/31/2006,0.8346,8.7767,25.7753,,
1389,JPM US Equity,2/24/2006,,,,,
1390,JPM US Equity,2/28/2006,0.8637,9.0837,26.5331,,
1391,JPM US Equity,3/31/2006,0.8606,9.0698,26.9283,11.4769,230.4347
1392,JPM US Equity,4/28/2006,0.9456,9.9652,29.3871,,
1393,JPM US Equity,5/26/2006,,,,,
1394,JPM US Equity,5/31/2006,0.8885,9.3636,27.6734,,
1395,JPM US Equity,6/30/2006,0.856,8.3487,27.5051,11.8769,274.5465
1396,JPM US Equity,7/31/2006,0.9374,9.1422,29.822,,
1397,JPM US Equity,8/25/2006,,,,,
1398,JPM US Equity,8/31/2006,0.9382,9.1503,29.9466,,
1399,JPM US Equity,9/29/2006,0.9396,8.9457,30.9204,,
1400,JPM US Equity,9/30/2006,,,,11.8889,243.1689
1401,JPM US Equity,10/31/2006,0.9561,9.102,31.5062,,
1402,JPM US Equity,11/24/2006,,,,,
1403,JPM US Equity,11/30/2006,0.9327,8.8794,30.523,,
1404,JPM US Equity,12/29/2006,0.953,8.5465,32.0706,,
1405,JPM US Equity,12/31/2006,,,,11.7268,221.862
1406,JPM US Equity,1/31/2007,1.0121,9.0757,33.6905,,
1407,JPM US Equity,2/23/2007,,,,,
1408,JPM US Equity,2/28/2007,0.9815,8.8013,32.8503,,
1409,JPM US Equity,3/30/2007,0.9334,7.8052,32.1732,,
1410,JPM US Equity,3/31/2007,,,,12.0412,271.6577
1411,JPM US Equity,4/30/2007,1.0123,8.465,34.9879,,
1412,JPM US Equity,5/25/2007,,,,,
1413,JPM US Equity,5/31/2007,1.007,8.4212,34.762,,
1414,JPM US Equity,6/29/2007,0.9246,7.4047,32.5764,,
1415,JPM US Equity,6/30/2007,,,,12.3169,335.1713
1416,JPM US Equity,7/31/2007,0.8464,6.7785,30.3528,,
1417,JPM US Equity,8/31/2007,0.8562,6.8571,30.1075,,
1418,JPM US Equity,9/28/2007,0.8654,6.9463,30.9066,,
1419,JPM US Equity,9/30/2007,,,,12.2816,276.2898
1420,JPM US Equity,10/31/2007,0.8949,7.1831,31.9988,,
1421,JPM US Equity,11/30/2007,0.8686,6.9722,31.0073,,
1422,JPM US Equity,12/31/2007,0.8113,6.9199,29.6487,12.5071,253.6175
1423,JPM US Equity,1/31/2008,0.8887,7.5804,32.3957,,
1424,JPM US Equity,2/29/2008,0.7621,6.5009,28.2365,,
1425,JPM US Equity,3/31/2008,0.7977,8.8755,29.8171,12.8794,245.218
1426,JPM US Equity,4/30/2008,0.8922,9.927,32.9945,,
1427,JPM US Equity,5/30/2008,0.8051,8.9583,29.8279,,
1428,JPM US Equity,5/31/2008,,,,,
1429,JPM US Equity,6/30/2008,0.6411,8.9551,23.939,13.5225,320.7365
1430,JPM US Equity,7/31/2008,0.7677,10.7234,28.7377,,
1431,JPM US Equity,8/29/2008,0.7273,10.1586,26.9455,,
1432,JPM US Equity,8/31/2008,,,,,
1433,JPM US Equity,9/30/2008,0.8841,16.75,32.1043,15.2044,320.2581
1434,JPM US Equity,10/31/2008,0.7869,14.9094,28.109,,
1435,JPM US Equity,11/28/2008,0.604,11.4432,21.9659,,
1436,JPM US Equity,11/30/2008,,,,,
1437,JPM US Equity,12/31/2008,0.6147,22.2226,22.0204,16.236,192.4451
1438,JPM US Equity,1/30/2009,0.5034,18.199,18.3497,,
1439,JPM US Equity,2/27/2009,0.4509,16.3013,16.3785,,
1440,JPM US Equity,3/27/2009,,,,,
1441,JPM US Equity,3/31/2009,0.5156,19.7061,18.8357,15.575,204.9267
1442,JPM US Equity,4/30/2009,0.6413,24.5094,24.2639,,
1443,JPM US Equity,5/29/2009,0.7171,27.4059,26.0288,,
1444,JPM US Equity,6/26/2009,,,,,
1445,JPM US Equity,6/30/2009,0.6525,25.4039,24.4848,14.4158,252.6841
1446,JPM US Equity,7/31/2009,0.7404,28.8274,27.4319,,
1447,JPM US Equity,8/31/2009,0.8325,32.415,30.9311,,
1448,JPM US Equity,9/25/2009,,,,,
1449,JPM US Equity,9/30/2009,0.8016,20.1726,31.4573,13.5266,240.6254
1450,JPM US Equity,10/30/2009,0.765,19.2521,30.4201,,
1451,JPM US Equity,11/30/2009,0.7782,19.584,30.1654,,
1452,JPM US Equity,12/31/2009,0.7487,12.0527,29.9669,13.0832,182.001
1453,JPM US Equity,1/29/2010,0.7005,11.2766,28.1977,,
1454,JPM US Equity,2/26/2010,0.755,12.1541,29.9385,,
1455,JPM US Equity,3/31/2010,0.8152,9.2874,32.0609,13.2824,231.6317
1456,JPM US Equity,4/30/2010,0.7765,8.8469,30.7916,,
1457,JPM US Equity,5/31/2010,0.7218,8.2236,28.5624,,
1458,JPM US Equity,6/30/2010,0.6415,6.5327,26.5591,12.987,199.2345
1459,JPM US Equity,7/30/2010,0.7068,7.1974,28.9868,,
1460,JPM US Equity,8/31/2010,0.638,6.497,26.0896,,
1461,JPM US Equity,9/30/2010,0.6473,6.0448,27.5212,12.6311,231.5872
1462,JPM US Equity,10/29/2010,0.6408,5.9842,27.0712,,
1463,JPM US Equity,11/30/2010,0.6369,5.9476,26.9777,,
1464,JPM US Equity,12/31/2010,0.7098,5.9274,30.4886,12.7393,213.6213
1465,JPM US Equity,1/31/2011,0.7528,6.2867,32.3391,,
1466,JPM US Equity,2/28/2011,0.7821,6.5315,33.6794,,
1467,JPM US Equity,3/31/2011,0.7668,6.1391,33.2886,12.6523,192.7303
1468,JPM US Equity,4/29/2011,0.7631,6.1094,33.1582,,
1469,JPM US Equity,5/31/2011,0.7232,5.7894,31.2315,,
1470,JPM US Equity,6/30/2011,0.6628,5.0492,29.6012,12.7773,126.7729
1471,JPM US Equity,7/29/2011,0.6589,5.0194,29.4524,,
1472,JPM US Equity,8/31/2011,0.6118,4.6608,27.4319,,
1473,JPM US Equity,9/30/2011,0.4783,3.9677,22.2752,12.9761,93.2491
1474,JPM US Equity,10/31/2011,0.5568,4.6192,26.0117,,
1475,JPM US Equity,11/30/2011,0.4961,4.1156,22.4391,,
1476,JPM US Equity,12/30/2011,0.5251,4.7342,24.4561,,
1477,JPM US Equity,12/31/2011,,,,13.0047,83.8271
1478,JPM US Equity,1/31/2012,0.5933,5.3491,27.6359,,
1479,JPM US Equity,2/29/2012,0.6241,5.6273,29.2505,,
1480,JPM US Equity,3/30/2012,0.7177,6.449,33.9988,,
1481,JPM US Equity,3/31/2012,,,,12.8371,93.477
1482,JPM US Equity,4/30/2012,0.6752,6.0677,32.0193,,
1483,JPM US Equity,5/31/2012,0.5208,4.6799,24.6897,,
1484,JPM US Equity,6/29/2012,0.5506,5.4689,26.7857,,
1485,JPM US Equity,6/30/2012,,,,12.6227,68.2078
1486,JPM US Equity,7/31/2012,0.5594,5.5562,27.1566,,
1487,JPM US Equity,8/31/2012,0.5771,5.7322,27.9486,,
1488,JPM US Equity,9/28/2012,0.6068,5.7895,30.3889,,
1489,JPM US Equity,9/30/2012,,,,12.3166,66.2377
1490,JPM US Equity,10/31/2012,0.6294,6.0052,31.4708,,
1491,JPM US Equity,11/30/2012,0.6204,5.9187,31.0991,,
1492,JPM US Equity,12/31/2012,0.6499,5.6433,32.9901,12.1366,51.3223
1493,JPM US Equity,1/31/2013,0.7002,6.0803,35.9068,,
1494,JPM US Equity,2/28/2013,0.728,6.3219,37.486,,
1495,JPM US Equity,3/29/2013,0.6961,6.0862,36.2114,,
1496,JPM US Equity,3/31/2013,,,,12.1092,43.0343
1497,JPM US Equity,4/30/2013,0.7233,6.3243,37.5988,,
1498,JPM US Equity,5/31/2013,0.8057,7.0443,42.3703,,
1499,JPM US Equity,6/28/2013,0.7723,6.2767,40.5709,,
1500,JPM US Equity,6/30/2013,,,,12.2277,19.7339
1501,JPM US Equity,7/31/2013,0.8212,6.6746,43.1891,,
1502,JPM US Equity,8/30/2013,0.7446,6.0518,39.0928,,
1503,JPM US Equity,9/30/2013,0.7685,6.1145,40.0348,12.466,-28.0612
1504,JPM US Equity,10/31/2013,0.7719,6.1417,40.4457,,
1505,JPM US Equity,11/29/2013,0.857,6.8185,44.7579,,
1506,JPM US Equity,12/31/2013,0.8554,7.2726,45.4344,12.3353,-23.8955
1507,JPM US Equity,1/31/2014,0.8151,6.9297,43.5833,,
1508,JPM US Equity,2/28/2014,0.8366,7.1124,44.635,,
1509,JPM US Equity,3/31/2014,0.8806,8.0417,47.6391,12.0929,-28.705
1510,JPM US Equity,4/30/2014,0.8171,7.4619,44.1222,,
1511,JPM US Equity,5/30/2014,0.8112,7.4073,43.8281,,
1512,JPM US Equity,6/30/2014,0.8187,7.8185,45.43,12.0877,-28.5759
1513,JPM US Equity,7/31/2014,0.8252,7.88,46.1115,,
1514,JPM US Equity,8/29/2014,0.8507,8.1232,47.2185,,
1515,JPM US Equity,9/30/2014,0.8471,8.2725,47.9744,12.0156,-35.3278
1516,JPM US Equity,10/31/2014,0.8562,8.3614,48.2349,,
1517,JPM US Equity,11/28/2014,0.8517,8.3172,48.2454,,
1518,JPM US Equity,12/31/2014,0.8771,8.6503,50.286,12.0509,-59.8893
1519,JPM US Equity,1/30/2015,0.7671,7.5652,44.0783,,
1520,JPM US Equity,2/27/2015,0.8644,8.5251,49.4712,,
1521,JPM US Equity,3/31/2015,0.8442,8.0247,48.8261,12.0793,-67.6322
1522,JPM US Equity,4/30/2015,0.8875,8.4354,51.328,,
1523,JPM US Equity,5/29/2015,0.9228,8.7715,53.3612,,
1524,JPM US Equity,6/30/2015,0.9389,8.9928,54.8661,11.6722,-26.5305
1525,JPM US Equity,7/31/2015,0.9557,9.1544,55.9965,,
1526,JPM US Equity,8/31/2015,0.8939,8.5626,52.2376,,
1527,JPM US Equity,9/30/2015,0.8334,7.5967,49.5511,11.1636,-27.8471
1528,JPM US Equity,10/30/2015,0.8846,8.0632,52.982,,
1529,JPM US Equity,11/30/2015,0.918,8.3681,54.9976,,
1530,JPM US Equity,12/31/2015,0.8972,8.5593,54.4414,10.8096,-48.3486
1531,JPM US Equity,1/29/2016,0.8139,7.7646,48.5437,,
1532,JPM US Equity,2/29/2016,0.7701,7.347,46.9908,,
1533,JPM US Equity,3/31/2016,0.7992,8.0291,49.1749,10.7172,-35.5709
1534,JPM US Equity,4/29/2016,0.8593,8.6321,52.5786,,
1535,JPM US Equity,5/31/2016,0.8874,8.9148,54.4889,,
1536,JPM US Equity,6/30/2016,0.8262,8.7028,51.4699,10.8557,-25.941
1537,JPM US Equity,7/29/2016,0.8571,9.0288,53.7516,,
1538,JPM US Equity,8/31/2016,0.9044,9.527,56.6078,,
1539,JPM US Equity,9/30/2016,0.8765,9.9818,55.9449,10.9699,-42.2359
1540,JPM US Equity,10/31/2016,0.9183,10.4575,58.678,,
1541,JPM US Equity,11/30/2016,1.0629,12.1048,67.7325,,
1542,JPM US Equity,12/30/2016,1.1393,11.9644,72.8504,,
1543,JPM US Equity,12/31/2016,,,,10.982,-37.0518
1544,JPM US Equity,1/31/2017,1.1236,11.7991,72.0871,,
1545,JPM US Equity,2/28/2017,1.2031,12.6342,76.879,,
1546,JPM US Equity,3/31/2017,1.155,11.5874,74.9097,11.0004,-40.4971
1547,JPM US Equity,4/28/2017,1.1505,11.5426,74.6839,,
1548,JPM US Equity,5/31/2017,1.0864,10.8991,70.3216,,
1549,JPM US Equity,6/30/2017,1.1837,11.4457,78.2547,11.0544,-48.0194
1550,JPM US Equity,7/31/2017,1.1954,11.559,79.0274,,
1551,JPM US Equity,8/31/2017,1.1836,11.4444,78.3482,,
1552,JPM US Equity,9/29/2017,1.2268,11.729,82.0229,,
1553,JPM US Equity,9/30/2017,,,,11.0306,-44.6947
1554,JPM US Equity,10/31/2017,1.2999,12.4275,87.3778,,
1555,JPM US Equity,11/30/2017,1.3504,12.9105,90.8308,,
1556,JPM US Equity,12/29/2017,1.38,13.5546,92.8998,,
1557,JPM US Equity,12/31/2017,,,,11.0332,-49.6259
1558,JPM US Equity,1/31/2018,1.5004,14.7375,100.7021,,
1559,JPM US Equity,2/28/2018,1.4982,14.7158,101.4413,,
1560,JPM US Equity,3/30/2018,1.4148,12.7132,95.1548,,
1561,JPM US Equity,3/31/2018,,,,11.1872,-55.1024
1562,JPM US Equity,4/30/2018,1.4066,12.6394,95.5957,,
1563,JPM US Equity,5/31/2018,1.3837,12.4337,93.61,,
1564,JPM US Equity,6/29/2018,1.3228,11.3993,92.1209,,
1565,JPM US Equity,6/30/2018,,,,11.2667,-38.4358
1566,JPM US Equity,7/31/2018,1.4672,12.6437,101.4575,,
1567,JPM US Equity,8/31/2018,1.4624,12.603,100.4994,,
1568,JPM US Equity,9/28/2018,1.4262,11.5389,99.4938,,
1569,JPM US Equity,9/30/2018,,,,11.2526,-43.6746
1570,JPM US Equity,10/31/2018,1.3876,11.2264,96.6472,,
1571,JPM US Equity,11/30/2018,1.4152,11.4498,98.169,,
1572,JPM US Equity,12/31/2018,1.2279,9.602,86.1957,11.3459,-27.3894
1573,JPM US Equity,1/31/2019,1.3125,10.2631,92.1112,,
1574,JPM US Equity,2/28/2019,1.3234,10.3484,93.2226,,
1575,JPM US Equity,3/29/2019,1.2581,9.7721,90.2737,,
1576,JPM US Equity,3/31/2019,,,,11.5688,4.7591
1577,JPM US Equity,4/30/2019,1.4533,11.2885,104.1556,,
1578,JPM US Equity,5/31/2019,1.327,10.307,95.2783,,
1579,JPM US Equity,6/28/2019,1.3603,10.5209,100.4151,,
1580,JPM US Equity,6/30/2019,,,,11.6499,9.1287
1581,JPM US Equity,7/31/2019,1.4214,10.9934,104.6684,,
1582,JPM US Equity,8/30/2019,1.3462,10.4115,99.5385,,
1583,JPM US Equity,9/30/2019,1.416,10.7726,106.5704,11.6306,22.0543
1584,JPM US Equity,10/31/2019,1.5151,11.526,113.6672,,
1585,JPM US Equity,11/29/2019,1.598,12.1571,120.3776,,
1586,JPM US Equity,12/31/2019,1.6741,12.0617,126.851,11.5921,-9.4084
1587,JPM US Equity,1/31/2020,1.5998,11.5261,121.9441,,
1588,JPM US Equity,2/28/2020,1.4034,10.111,106.078,,
1589,JPM US Equity,3/31/2020,1.0897,9.4539,83.737,12.5163,-5.5963
1590,JPM US Equity,4/30/2020,1.1711,10.1601,88.6837,,
1591,JPM US Equity,5/29/2020,1.19,10.3246,90.7342,,
1592,JPM US Equity,6/30/2020,1.1348,11.5529,87.1649,13.6437,-57.3336
1593,JPM US Equity,7/31/2020,1.1773,11.9854,89.9396,,
1594,JPM US Equity,8/31/2020,1.2205,12.4257,94.3506,,
1595,JPM US Equity,9/30/2020,1.1406,11.3795,90.2754,13.5853,-95.8434
1596,JPM US Equity,10/30/2020,1.1724,11.6962,92.0187,,
1597,JPM US Equity,11/30/2020,1.4096,14.0631,112.1134,,
1598,JPM US Equity,12/31/2020,1.4699,13.125,119.502,13.5229,-113.3981
1599,JPM US Equity,1/29/2021,1.4991,13.3859,123.3735,,
1600,JPM US Equity,2/26/2021,1.7147,15.3105,141.1115,,
1601,JPM US Equity,3/31/2021,1.7616,11.299,145.3769,14.1924,-131.6799
1602,JPM US Equity,4/30/2021,1.7904,11.4835,147.2535,,
1603,JPM US Equity,5/31/2021,1.9118,12.2623,157.2357,,
1604,JPM US Equity,6/30/2021,1.7562,9.7716,148.8139,14.668,-142.5747
1605,JPM US Equity,7/30/2021,1.7237,9.5903,146.4897,,
1606,JPM US Equity,8/31/2021,1.8164,10.1066,154.3347,,
1607,JPM US Equity,9/30/2021,1.8265,9.8854,158.184,14.6277,-171.384
1608,JPM US Equity,10/29/2021,1.9071,10.3217,165.0119,,
1609,JPM US Equity,11/30/2021,1.783,9.6497,154.1642,,
1610,JPM US Equity,12/31/2021,1.743,9.9282,153.5937,14.5797,-178.8374
1611,JPM US Equity,1/31/2022,1.6455,9.3727,143.9394,,
1612,JPM US Equity,2/28/2022,1.5702,8.9438,138.9002,,
1613,JPM US Equity,3/31/2022,1.5429,9.6714,134.1303,15.0254,-190.2081
1614,JPM US Equity,4/29/2022,1.361,8.5309,118.5042,,
1615,JPM US Equity,5/31/2022,1.5077,9.4507,129.6831,,
1616,JPM US Equity,6/30/2022,1.2808,8.6735,110.5493,15.396,-163.4144
1617,JPM US Equity,7/29/2022,1.3237,8.9639,114.4419,,
1618,JPM US Equity,8/31/2022,1.305,8.8372,112.9989,,
1619,JPM US Equity,9/30/2022,1.1905,8.5343,104.4127,14.9762,-145.3899
